st_id,model,r2,rmse,kge,kge_r,r2_val,rmse_val,kge_val,aic,a,z,b,c,k_link,tau_rain,tau_up,d_sin,d_cos,lambda,z0,z1,k_sgd,gamma,h_sea
st1,base,0.5150601553684454,0.7228970018310834,0.5722482278344267,0.7188605758292598,-0.1593116162955643,1.3209236455142457,-0.66521218557916,-1641.434324025458,0.0741337644012056,-0.0529539512554144,0.0012940987130489,2.2760727272751944,0.000125408659353,6.115600944167597,29.999999999999996,-0.0347620114516426,0.0384119241870647,,,,,,
st1,filtered,0.5103740703815541,0.726381364317838,0.5679210762333238,0.7155507109336751,-0.1431272920740389,1.3116710022672564,-0.6646103553182734,-1614.8440665481958,0.072586938595597,0.0509787781265832,0.0013426441118493,2.2760727272751944,0.0023244147892031,5.699161845790902,0.7999999999999999,-0.0360659164268021,0.0376430290295312,1.9717398714321723,,,,,
st1,base_tz,0.5900274409161054,0.664675825267529,0.6341724579220646,0.7700702417975404,0.4238983281626042,0.9311661681240416,0.3237254807133204,-2068.843155452147,0.0638068522498971,,0.0031822707384285,2.2760727272751944,0.0038026770116663,1.3526745594466387,5.035002199789032,-0.0283095150337649,0.0308637648271298,,-4.2991666666666655,-0.2765102584030412,,,
st1,filtered_tz,0.586348044725324,0.6676518086154223,0.6232554465366796,0.7683249069488279,0.4676131642463089,0.8951406398828317,0.4323110317969103,-2043.9971170376723,0.0543140314850946,,0.0031224375542556,2.276072727247845,0.0133571459569249,1.3382050433434356,0.7999999967497979,-0.0298418454237111,0.0297623917475139,1.946678878680842,-4.299166666367228,-0.292810693435857,,,
st10,base,0.7280649946394734,0.3933564279650802,0.764275844286148,0.8542723372399327,-1.9647654984861735,1.1081192861385547,0.5966281569086044,-4753.562145333088,0.0031034770092021,13.330416666666668,0.0029099698390575,0.1223855670522537,2.6046911831152116e-17,0.1000064146938413,5.623183556487242,-0.0001799055806881,0.0054705924889542,,,,,,
st10,filtered,0.7280649946595482,0.393356427950561,0.764275883033523,0.8542723358238935,-1.9647656620377347,1.1081193167033057,0.5966281642232385,-4751.562145521851,0.0031034773125962,13.330416666666732,0.0029099701626414,0.1223855670522537,1.1425030296676947e-14,0.1000049577445108,0.0139499941262067,-0.0001799058852515,0.0054705936135769,1.2844389385054265,,,,,
st10,base_tz,0.6644690819651866,0.4369381502338602,0.611649740855371,0.8374088640660172,-3.74283914764605,1.4015562664550785,0.5173250325671965,-4214.205986170899,0.3856620356371145,,0.0013734577956767,0.1223855670215724,0.1962653577779504,29.999999939411115,0.1000000001785458,-0.0862573410953232,0.0779565716675197,,13.330416666707674,0.0865163241608537,,,
st10,filtered_tz,0.6659187022307435,0.4359932596576442,0.6121771436969132,0.8385100446569533,-3.7313504882380206,1.3998577305200484,0.5143196620238099,-4223.277124725981,0.4672764304082682,,0.0019893040519622,0.1223825317861516,0.2356516140444031,26.301141815894336,0.0109782065272779,-0.1095288315179187,0.0969719862448114,0.1260955981244634,13.33041675746379,0.0859591982862377,,,
st11,base,0.5301146222572624,1.5363107496274742,0.6079998113210316,0.7281688426436203,-1.6428444214982951,2.47985708160168,0.5817733548466255,2219.8693935687675,0.2701959531348755,-15.589583332757572,0.0113058830320087,9.462283876928471e-15,0.6274333914670095,29.999999999998735,1.146717501421349,0.0575970562892022,-0.0129933048760185,,,,0.4999999999667996,0.4151359033821439,-17.866581189496376
st11,filtered,0.5226278798914303,1.5485014978021745,0.5822541058469688,0.7239226181948233,-1.5550394012444877,2.438314124083745,0.5895511782111669,2262.2892348502105,1.1975465671673298e-11,-0.9995927995044748,0.0087476817329083,1.7399688638577782e-10,0.4481548044132141,29.99999999999982,0.7999999999891537,0.0742257994044041,0.1017728129496583,1.9423472631514904,,,0.499999999961682,0.4151359033102939,-17.86658118883524
st11,base_tz,0.5903369267612497,1.434486658502386,0.6657998430169081,0.7683915447898131,-5.872618620868782,3.9990052629463473,0.3302749144557608,1871.1672841005643,0.2111400842413012,,0.0095483425487234,2.3959762942054827,0.7756855254423476,28.375231420397835,1.055222096227962,-0.2059256757159589,-0.2905018040480454,,-15.589583333332772,-1.999999995214154,0.4999999999991718,0.4151359033820922,-17.866581189500483
st11,filtered_tz,0.5820503567369801,1.4489222563871686,0.6371153317068886,0.7639731340588054,-5.582236708462255,3.913610509169024,0.3463059977674205,1924.3735240426788,0.1810627264691778,,0.0098568077343147,2.395976294205521,0.6736328457135006,28.258126884713473,0.7999999999999999,-0.1415564293750651,-0.0981808995468229,1.8663421883822005,-15.589583333333332,-1.9999999999999991,0.4362476768220157,0.4151359033821566,-17.866581189500568
st12,base,0.5279506393552614,0.4185641758171207,0.6134922599586298,0.7266021517560726,-1.3923000079203534,0.8175882759435926,0.6873491327801605,-4435.910723986789,0.0656991951132787,12.41183068684656,0.0001111950298344,2.9176437998165643e-27,0.0771115532250597,29.999999999999996,0.1000009298745448,-0.0056300423839528,0.0171656478086039,,,,,,
st12,filtered,0.535551898495366,0.4151804967617323,0.620751906605699,0.731814115743788,-1.4099774203428497,0.8206034170633051,0.6894432449007485,-4475.4203857887305,0.7015900914190993,12.238609932026966,0.0017492862860338,5.539775437018955e-11,0.802433817411197,29.999999957605088,0.2077370223215568,-0.0338637683289341,0.2244957683452719,0.1,,,,,
st12,base_tz,0.776650723125033,0.2879125682584381,0.8235215272510762,0.8813725282932422,0.4828148451255065,0.380145504977488,0.8905095757463161,-6347.433357583713,0.0062881777086406,,0.0015022184001794,0.3193106782804252,0.009555339245865,0.1,0.3134959337782529,-0.0021624228403489,0.0014919005031521,,11.610151048505411,-0.44216376598728,,,
st12,filtered_tz,0.7760250642085317,0.2883155449172675,0.8227941215248659,0.8810220651955978,0.4903129863321606,0.3773797725976551,0.891516170847046,-6338.280554997048,0.0063562822298047,,0.0015183904257391,0.3193106782804252,0.009528665940069,0.1000000009606239,0.3171446340203177,-0.0021793919684762,0.0015187919416771,1.9914187341068128,11.610151048606133,-0.4383584172285971,,,
st13,base,0.8358560238337795,0.2875983861919975,0.8470824881978103,0.9153574357950914,0.0600347008604127,0.6828507150723017,0.6949084179837386,-6355.01701236897,0.0042081663445642,19.951250000000112,0.0016082381621624,0.1303153338132768,1.628072777957882e-17,1.298051115576541,0.3567460405660592,-0.0033062096460275,0.0046120629533857,,,,,,
st13,filtered,0.8358560238132848,0.287598386209952,0.847082656248962,0.9153574242690096,0.0600347823925033,0.6828506854572469,0.6949086842633799,-6353.01701204971,0.0042081696450178,19.951250000006628,0.0016081483404429,0.1303169688784482,1.7179360949594227e-20,1.2981627608302668,0.020384981863123,-0.0033061883621294,0.0046120790002199,1.9777594401582048,,,,,
st13,base_tz,0.8450456749065915,0.2794317955678431,0.8572163859813073,0.9202290266447292,0.512929388605196,0.4915478729186777,0.7108750792550659,-6500.334858358987,0.0038877097597781,,0.0016728809572747,0.0955501854037567,8.607687065452214e-20,1.1486651926077889,0.3989708445864177,-0.0033032029428778,0.0040123451839414,,19.951250000003377,-0.0433836592989282,,,
st13,filtered_tz,0.8450456749292237,0.2794317955474367,0.857216195900822,0.9202290498956044,0.5129305567313089,0.4915472834864302,0.7108747127418815,-6498.334858732453,0.0038877052084159,,0.0016730000646559,0.0955463911717912,3.0379838750387396e-37,1.1485311050825298,0.1900342907944652,-0.0033032271625737,0.0040123185170917,1.772988276976049,19.951250000000005,-0.0433838700428662,,,
st14,base,0.975005127852104,0.3194385952184268,0.9575485531379636,0.987911472818963,0.950322155569326,0.3954962257318785,0.913440413228144,-5815.764373329634,0.5394562395380615,33.18750000000001,0.0018204773551304,0.3667797195672261,1.0889947080444282,5.0072316678162405,0.1,-0.2182608900907519,-0.2273289064872644,,,,,,
st14,filtered,0.9741652701951272,0.3247610144987671,0.9573014523528744,0.987475678035616,0.949358639146544,0.3993131897134195,0.9116969105966588,-5729.291094957271,0.4451623064025422,33.1875196744697,0.0025286988856845,0.366378791907766,0.8864854965312863,4.894233959331512,0.0281897395386288,-0.1765145988514223,-0.1837771214260836,1.8037762752417617,,,,,
st14,base_tz,0.9765961654775404,0.3091045777450056,0.978880192178703,0.9882489819886926,0.971820952137598,0.297868191848693,0.9230419538543264,-5981.874569633382,0.497178406310293,,0.002015349716577,0.3667797195671848,1.059208342327343,4.769522215266449,0.1000000000000004,-0.1751674898076467,-0.2023469093389438,,33.18750000000001,-0.0926395752691386,,,
st14,filtered_tz,0.9758285149966366,0.314133023092097,0.9790061076038028,0.9878552050613012,0.971387617136562,0.3001497497707826,0.9215790156508666,-5897.382850962006,0.4066469490681164,,0.0026386045390363,0.3667792596517994,0.8552290471046808,4.764807071265155,0.0109204013440822,-0.1397709272391536,-0.1615408219043668,1.8219408918650877,33.18750065595476,-0.0939386870070886,,,
st15,base,0.9029962855542218,0.7455972040062853,0.914645834770365,0.9504809714486424,0.8172244134115759,0.911818615694336,0.881693489271885,-1480.9672232013777,0.0082547013065772,33.340166720958266,0.0021067683468756,3.717510747320864e-07,3.1503947903722346e-12,3.095126139962556,0.1001558773861722,-0.0017244497792084,0.0008549542273058,,,,,,
st15,filtered,0.9029963412766724,0.7455969898572219,0.914655940559448,0.9504807048031508,0.8172134026810656,0.9118460800785024,0.8816966964023006,-1478.968689737556,0.0082547186768245,33.340166666666676,0.0021101970726778,3.1847824588067548e-12,1.816687135794453e-23,3.0891908512299726,0.2966312723233727,-0.0017295082556326,0.0008561083834557,1.1886131689684072,,,,,
st15,base_tz,0.9423876150785718,0.5746031669786151,0.9592737199619128,0.9707692230554436,0.7566464251810506,1.0521271471814375,0.8842484361591496,-2809.110119953223,0.0072806593258564,,0.0022909681807747,2.5947601482436682e-18,0.0002490751915063,2.5002229886241367,0.1000001344987613,-0.0009775793140358,-0.0035996870064948,,33.34016666708379,-0.2758586398965058,,,
st15,filtered_tz,0.942375345028092,0.5746643520391053,0.9593100065274112,0.9707630536308192,0.7565584787476153,1.052317246035915,0.88428601248306,-2806.5664503306357,0.0072755130766821,,0.0022926565994442,1.3544477890573e-30,0.0002472054681221,2.498370975712994,0.0599644232668485,-0.0009725831745694,-0.003599894238805,1.999975911368521,33.340166666666676,-0.2756440737148103,,,
st16,base,0.7439971534370882,0.2557443313473432,0.8052073631899183,0.8625528998565332,0.6960977546417162,0.2898909884071952,0.7355011193215796,-6846.246815412422,1.2624948448168478,42.132580875361256,0.0030692890896282,0.5139874362792883,0.0201491811709479,20.519858062262937,0.1000000223619819,-0.3152434017134655,-0.1724777358326923,,,,,,
st16,filtered,0.7439631385874924,0.2557613210334762,0.8051818734777322,0.862533180189799,0.696048641362595,0.2899144119291764,0.7353577795455187,-6843.9124062827195,1.2677733558709638,42.13054973048468,0.0030736767796053,0.5139874362792884,0.0202347228131156,20.76398485093994,0.0443853521157255,-0.3184579061474963,-0.1739619596532953,0.3924563935339751,,,,,
st16,base_tz,0.7441897205892987,0.2556481269049059,0.8053573089928072,0.8626645261203345,0.7146146001738127,0.2809206315697916,0.7345434375559148,-6846.140833054361,1.2615512256465715,,0.0030651904770209,0.5139874362792884,0.0199157139944744,20.33462276274731,0.1000000087939307,-0.3191241717286021,-0.1729324841598448,,42.15049354180567,-0.0036829964558227,,,
st16,filtered_tz,0.7441499455565301,0.2556680010425216,0.8053033574838429,0.8626414969426697,0.7143060017670619,0.2810724757711236,0.7343889418542915,-6843.7495040766935,1.266395038973598,,0.0030690118463313,0.5139874332402834,0.019974443441625,20.555930094369035,0.0139499999999999,-0.3220654656068937,-0.1741816899881196,0.4311060343515652,42.14878832420183,-0.0036391089303949,,,
st17,base,0.6651420106771118,0.7326923862656761,0.7339514434534258,0.8156058832627331,-0.6966400102763917,1.5756472279970843,0.6973476080529257,-1572.6039895775612,0.0034657329684983,10.130000000000004,0.0006730591444683,1.2720513320657391e-28,1.1549819441940122e-13,6.647285327709602,3.875490701982129,-0.0140054585625402,0.0093347029134952,,,,,,
st17,filtered,0.6651420106810373,0.7326923862613813,0.7339517046696659,0.8156058795108514,-0.6966405138949654,1.5756474618490346,0.6973477161965765,-1570.6039896075376,0.0034657359869384,10.130000000326405,0.0006730580047362,7.827376770168028e-18,2.627086501887209e-16,6.647303912808597,0.7547561976764383,-0.0140054616745156,0.0093347223035644,1.8623179631544744,,,,,
st17,base_tz,0.8075892387225113,0.5554001912751226,0.854224399257559,0.8989717365985641,0.5713256390452084,0.792004943081168,0.7187807066480179,-2987.3713635970685,0.0055025438579795,,0.000540767617316,0.0999999999999999,0.0011277345787827,7.535261042116629,0.100002381162195,-0.0167335595621432,0.0090949655874746,,10.130000000000411,-0.3537401098728572,,,
st17,filtered_tz,0.8075464756817516,0.5554619063303808,0.8542172323226218,0.8989473348912156,0.5712986351915594,0.7920298884134709,0.7187401583620792,-2984.803136823294,0.0055036865040568,,0.0005409362020919,0.0999999999999999,0.0011278421939859,7.536263523860941,0.0649111969947241,-0.0167368577678775,0.0090948342933403,1.998089617789872,10.13000000000068,-0.353729952696777,,,
st18,base,0.898996040750627,0.1729788529920025,0.8987422606367723,0.948862007195928,-0.125728143627632,0.5819413501733095,0.7636879511183027,-8954.952440887397,0.138222374593359,11.855833333333337,0.0002829394662916,1.4093323124709234,0.0815989296218052,29.999999999999996,0.1000000000000003,-0.0498033241018081,0.0134581123794414,,,,,,
st18,filtered,0.8939656504842836,0.177234025730289,0.897806331126253,0.9460806987502204,-0.1261915398478785,0.5820611134027992,0.7629684360806612,-8828.673605663598,0.135207101222717,11.855834039854816,0.0002764147492088,1.409327609077646,0.0800010662447292,29.999777559620508,0.0102979169742117,-0.0485050882941883,0.0127220731096956,1.852685568156157,,,,,
st18,base_tz,0.9014924409703128,0.1708278176729511,0.9107506091180896,0.9497667352005976,0.1415832124060786,0.5081729649001409,0.7788362879662865,-9016.945022167432,0.1538757777836965,,0.0003169962519013,1.4093323124658408,0.092476608815025,29.99999999899468,0.1000000105431608,-0.0577751494468371,0.0156554970328559,,11.855833333419204,-0.0208579722683217,,,
st18,filtered_tz,0.8880654996178479,0.1820982602384301,0.9005010800788268,0.9426876693834187,0.1638218195971768,0.5015472699779443,0.7633063576302188,-8688.210039335541,0.6972865496285272,,0.0016541122063149,1.4093232460717948,0.3887696670232122,29.999854536268145,0.0102059966651474,-0.2870837465813415,0.1080214673592606,0.4333678067155646,11.85583382404317,-0.0283328030553671,,,
st19,base,0.904938410704938,0.5095750363452682,0.9306303543890554,0.9512827587132852,0.8740857079921294,0.6285186841299285,0.8821609304536437,-3421.6569860325253,0.8071209255907964,2.7899883839185,0.0016957194592276,10.58446139356653,0.0237299165243666,25.69531569597144,16.586865825849824,-0.0959142152476711,0.2274479531517979,,,,,,
st19,filtered,0.8924823729761746,0.5419328086966122,0.9216262080359106,0.9447128888664365,0.9049306192697636,0.5461362590506319,0.9018445544813548,-3105.552824059763,1.149074224892788,4.438579341532806,0.0022386191287193,10.58446139356653,0.5543186894211704,29.999999999999996,0.7999999999999999,-0.1918896032407683,0.5174362878524227,0.1,,,,,
st19,base_tz,0.9061572360294096,0.5062977577838172,0.931510805405498,0.9519232013886024,0.8705334459644394,0.637322825705898,0.8784927465947349,-3452.5759367605,0.7682678595259066,,0.0016360208015722,10.58446139356653,0.0230463683546382,25.12906557203951,16.368026652027,-0.0781273614006727,0.2112742143752396,,2.6567916114562053,0.0301966099884078,,,
st19,filtered_tz,0.8956202350639562,0.533966198595053,0.92399143910119,0.9463721764977316,0.8819609239281747,0.6085462343828759,0.8887074290320719,-3179.110822217295,1.137085299184952,,0.0022396669194656,10.58446139356653,0.5618449774839142,29.999999999999996,0.7999999999999999,-0.1393601695090701,0.4926780977439841,0.1,4.1281440193775625,0.0702696041590327,,,
st2,base,0.6501671063917942,0.3364833260498719,0.7247108305202354,0.8063318259374068,0.5204330216271846,0.4629212629976691,-18.828697129069937,-5541.846146245609,0.6849887771602078,1.7788372745548668,0.0019438691984052,2.138366878467159,0.1544523517411453,29.999999994470524,2.205124791386654,0.086739042406843,0.0489656975477851,,,,0.3676362003717468,4.491665391177484e-09,-5.222600937160633
st2,filtered,0.6460764153369755,0.3384449038677501,0.7192678567499431,0.8038019428173647,0.500532217621677,0.4724286570968191,-19.547157408432035,-5510.143163237806,0.2041475459415128,0.0075922737698629,0.0007689474354544,2.138366878467231,0.1590020402234951,29.999999999186898,0.0396085077333019,0.0349388578542955,0.0192633786236707,1.7613348388392756,,,0.1006525273506389,2.8264130112678077e-07,-2.4868987403971103
st2,base_tz,0.823900833915652,0.2387326818406062,0.8692230952744133,0.9076899411460626,-1.449525018174588,1.046221001104937,-55.706134372658504,-7293.619387522454,1.1573020390719586,,0.0020971929835629,6.035236532675786e-17,0.1948469549339347,29.999999999999996,2.4302431587272655,0.16854258735955,0.037373396527657,,-1.3444661567149558,0.1497572901692979,0.0696188230298469,8.56068530198094e-16,-1.5776179144028644
st2,filtered_tz,0.818266367586689,0.2425218545942222,0.8650502370486381,0.9045807690564072,-1.4775321028171118,1.0521850796639418,-56.14294461637711,-7211.150232705587,0.8984975133106949,,0.0024569896886783,3.118680812534044e-28,0.633107206502378,29.999999999999996,0.0390791865442633,0.1892464899433656,0.0488930948418641,0.4159783548808246,-1.7457624489747667,0.215948686124417,0.0549317385685962,4.645836883308652e-24,-4.961010565849975
st20,base,0.6761797493038408,0.6329678262863788,0.7197475720715196,0.8233524310505651,-1.4491217215221537,1.9939060639263264,0.4599822805976363,-2320.814695551914,0.6485031190854159,4.053333333333335,0.0050203399492658,0.6224799324117773,0.5643624272862431,7.50015339213558,0.100000000000002,-0.6960795331571451,0.4563906552233648,,,,,,
st20,filtered,0.6658532133992949,0.6429812040209055,0.721368903569967,0.8164281525044701,-1.3872692675538754,1.9685670550350516,0.4561191982595136,-2238.5458700303843,0.2096279461659976,4.053333333333335,0.0064286320163734,0.6224799324117773,0.1957229211108416,0.8218377450617954,0.0591128102948984,-0.2105126986535039,0.1393838026943362,1.81076927226784,,,,,
st20,base_tz,0.6770853823075937,0.6320820912082893,0.7270515629235725,0.8234806417961051,-1.2417997784769472,1.9076465877477853,0.4765143518901397,-2325.9759148317,0.6513127513738336,,0.0050766728396652,0.6224799324117558,0.5801303285624636,7.365789282223548,0.1000000000001801,-0.7080159857940553,0.4608478535294185,,4.053333333333336,-0.0288933656548261,,,
st20,filtered_tz,0.66609030994148,0.6427530472965819,0.7242328998542469,0.8164577039157859,-1.281893546032448,1.924629769856249,0.464519792260862,-2238.3608539576508,0.2181810837689561,,0.006226867804046,0.6224762471835465,0.2054912206065652,0.9289554939834274,0.0292263452876354,-0.2216617743302252,0.1451093846759123,1.7987377368320718,4.053335729370829,-0.0156772849492059,,,
st21,base,0.9002979437697305,1.0438625938731887,0.9205732553791828,0.948889785058924,0.7562263405067964,1.6475306560583762,0.7187503047606623,237.5331053658694,0.0394657674555161,-14.939333333333332,0.0019137384964079,7.02359616816741,0.0359818154203496,4.476652921501603,1.7158780952970476,-0.0151087876690157,0.0510297181045387,,,,,,
st21,filtered,0.8938890642117392,1.0768900143397646,0.9117026168733126,0.9455840682442368,0.6876272713685421,1.8649907044738103,0.6714603776903837,398.83116242228743,0.0226349766243127,-14.939333172091954,0.0023792918101496,6.407436348915586,0.0370339129361947,2.706131831850645,0.7999999992651265,-0.0159780807320609,0.0545581385981865,1.9880299264347812,,,,,
st21,base_tz,0.9023299310227286,1.033170565453465,0.9209990345352044,0.9499756459612428,0.8427301636791723,1.3233137750218518,0.7818047153814853,186.88154697854884,0.0404670139344306,,0.0018261208925713,7.02359616816741,0.0380648197165987,4.957430768699245,1.675819722071212,-0.021305280837997,0.0518659700733716,,-14.939333333333332,-0.150677744888936,,,
st21,filtered_tz,0.895844969121275,1.0669188879314575,0.9128488894408356,0.9466250804258992,0.792746827202822,1.5191152020150118,0.7350728285985886,353.2590974791665,0.0239752462050288,,0.0021276375944791,6.565302229340115,0.0398283466050831,3.22518794056001,0.7999999999951223,-0.0216986376401399,0.0566716754795526,1.9875880248682187,-14.939333332905624,-0.2066996557846869,,,
st22,base,0.9653887224084584,0.3077633885693278,0.9633062854702716,0.9827195721392348,-0.2751304430848758,1.964074193234344,0.6549219960741987,-5991.962451870522,0.0011304615589387,60.01280551072494,0.0003543743186792,0.4174569110706684,6.150353774030933e-08,4.6318604512479995,1.1338689428471875,-0.0139557649468899,-0.0089722932836419,,,,,,
st22,filtered,0.9654382017414884,0.30754332484288,0.9635831207994752,0.9827390995442672,-0.2755818196640291,1.9644217885153248,0.6542880776398863,-5993.6104700971155,0.0011198166689207,59.92184895281094,0.0003958014153402,0.4143772869113922,9.914140481686787e-14,4.106080613342374,0.1566990271637769,-0.014019619552025,-0.0089151015436782,0.4461919114061292,,,,,
st22,base_tz,0.9679598280092532,0.2961116942098087,0.9649842301029832,0.9840287368971058,0.257365923065095,1.4988839834628829,0.6561965509439553,-6186.794607710664,0.0015810717243382,,0.000293635465781,0.3874307754982926,1.7271156263731757e-06,6.065083808787524,7.857117831788638,-0.0140469688132406,-0.0079851288980766,,59.921919349682696,0.1658167080204892,,,
st22,filtered_tz,0.9679235211220246,0.2962794188083984,0.9651340945350544,0.9840020184466072,0.2575372826533117,1.4987110430010004,0.6523683707376462,-6181.90666608944,0.0014462610438466,,0.0003192212261503,0.3698521172202529,5.383395342762277e-05,5.581337624101007,0.2637888530493699,-0.0139635917047344,-0.0079401450246948,0.4492747711639845,59.92236675560507,0.1729799363833936,,,
st23,base,0.9509106169382828,1.06223215546937,0.9498830790030246,0.975358613555912,0.9532529167054548,1.022110739364262,0.9319561997764088,326.3827354485229,0.010157019664699,48.443000000000005,0.0005203071984319,9.181825269687645,0.1417413850097048,29.999999999999993,0.1,-0.1376271554108933,-0.0340922848611358,,,,,,
st23,filtered,0.9503065202335133,1.0687481146057407,0.9500848666064836,0.975032518641645,0.9533006714081246,1.0215885349500236,0.931808759190998,359.62058731126064,0.0106014990590795,48.4430294791426,0.0005463551535471,9.181824626588137,0.1434561937052425,29.99999468263108,0.0106704553102622,-0.141280933671111,-0.0360621057707288,1.931343196511183,,,,,
st23,base_tz,0.9488719898508796,1.0840644492136846,0.9418787090676528,0.9745188179921056,0.9503177543033022,1.053710483909987,0.9318318189166984,432.30425569563096,0.0061034271565304,,0.0029124406113561,9.181825269623532,0.184571330661761,0.1000010246754172,0.1000000000231218,-0.1858087051801152,-0.1077416498665918,,48.44300000006621,-0.638779362144781,,,
st23,filtered_tz,0.9503213997148604,1.0685880975543556,0.9495774513642536,0.975053676336178,0.951489017040012,1.041215751056583,0.931362681163042,360.85574077438713,0.0109937695918025,,0.0005542548811344,9.18182013888388,0.141896732237383,29.999989149380472,0.0113553152861755,-0.1412888133337395,-0.0337905918963374,1.9369685709154612,48.44300928792921,0.1227653744722674,,,
st24,base,0.640205702978226,1.9984203665555509,0.7135896714690841,0.8001466671312878,0.7140694712038698,2.227032973566218,0.7153493300948909,3557.329248638855,0.0506253166823482,-2.8797916666666663,0.0010995979621107,5.162924534600956,0.0019440506275184,11.924074741280847,8.372190426268569,-0.110397108090882,0.1072982857137109,,,,,,
st24,filtered,0.6392307513945544,2.0011261417856465,0.7135841962835621,0.7995309187628588,0.7069361422732865,2.2546415936295205,0.7109049270141976,3566.2459953538137,0.0486074693921793,-2.8797916659651897,0.0010233046483082,5.910364535997419,0.0138938205607334,15.8885838908656,0.7999999992515318,-0.1227655168914198,0.132809912068043,0.1000000000115251,,,,,
st24,base_tz,0.6425971753238164,1.991767766586601,0.7157194109806777,0.8016392086837618,0.696186697955101,2.295618817224705,0.7165162411133326,3542.283374400753,0.047630416902874,,0.0010531356273349,5.233088317112563,0.0019749503991599,12.212291183703524,7.662504383790523,-0.10202778845931,0.1015054730278366,,-2.8797916666666663,0.0987350762031682,,,
st24,filtered_tz,0.641835710976554,1.993888417386243,0.7160174450472543,0.8011572895379251,0.6867712457267278,2.330919071051766,0.7110888703875585,3549.723265555623,0.0452564200936136,,0.0009698752565873,5.913985207872877,0.012775390364777,16.26097910426372,0.7999999999999949,-0.1109247200910325,0.1239287892409978,0.1,-2.8797916666666663,0.1248029121725862,,,
st25,base,0.3518325843097895,0.5775513297702392,0.390200040869322,0.5954059248605948,-1.9329670555264613,1.3031206485880131,0.4066398755151957,-2789.3709962761095,0.0581733145451779,13.96949186027912,0.0033091234164878,0.7997095386835178,4.91319624223456e-13,0.1000000069522844,29.850500000000004,-0.0123978883478309,0.0093969735578304,,,,,,
st25,filtered,0.3518325855084666,0.5775513292361969,0.3901985938410198,0.5954061056990938,-1.932959496968248,1.3031189694488614,0.4066321862263977,-2787.371001004853,0.0581775990780819,13.969454342252783,0.0033093092454482,0.7997095390594939,2.9537175465077738e-15,0.1000000616084411,0.6296049586809763,-0.0123991511838521,0.0093975694048471,1.2099133261441783,,,,,
st25,base_tz,0.620011959320276,0.4422134575188395,0.6766580520327019,0.7880695642327361,0.4419275672611837,0.5684291210876434,0.4576646614193826,-4152.83262346908,0.087234410349293,,0.0038904958885567,0.7997095390628329,7.8542221002322e-05,0.1,29.99999770809161,-0.0240055536380954,0.0095229900405032,,12.886252516088287,-0.2055452904131573,,,
st25,filtered_tz,0.6094465658055965,0.4483190788706339,0.6673264053807659,0.7813293985706684,0.4558673377768483,0.5612849945691576,0.4738524553121551,-4080.7068603342377,0.0824131256794044,,0.0039123266382997,0.7997095390628232,0.0039102601628843,0.1000000012408447,0.7999999998973477,-0.0202060592898699,0.0051344616392866,0.1000000000003712,10.958146886500392,-0.2231427305305562,,,
st26,base,0.9184869440210672,0.5838770550115576,0.94087627720193,0.9583773216316076,0.9157209663723652,0.5527042189359251,0.8778191196989255,-2732.5874649289735,0.194337494115238,32.83250001490406,0.0014754265998726,0.3759972619878687,0.1413661153373988,29.999999999999996,0.3842328365254562,-0.1850948232335562,0.1103240643913025,,,,,,
st26,filtered,0.9187593488640042,0.5829006222219876,0.9412881696882056,0.958519357461306,0.9008966007675534,0.5993455450711456,0.8651754399686044,-2739.1435518047033,0.297825733747587,32.869459492105584,0.0028733694488394,0.3759972619878687,0.1964537673738849,29.999999999999925,0.38488638693695,-0.2453648365819814,0.1824237474546026,0.1000000000207333,,,,,
st26,base_tz,0.9480319610713868,0.466203989242939,0.9314876248863484,0.9745218819945016,0.7620009759461143,0.9287965513180227,0.8853950178414217,-3881.13076090618,0.4710287986527632,,0.002999878083401,0.3759972518712986,0.6089448425457294,29.99999999995093,0.1000000000738557,-0.3983553314137105,0.2499115188742748,,32.83250000003791,0.3882426595657612,,,
st26,filtered_tz,0.9477789238788928,0.4673376061884119,0.9322129910881448,0.9743477915255142,0.7603852137879714,0.9319439925083328,0.8848531830829279,-3866.7155611935536,0.5040940865509477,,0.0033395059682328,0.373010059178159,0.6442806685441076,29.999773090828175,0.0274529825314955,-0.4167931836348255,0.2718844878903944,1.814616311686564,32.832532515642136,0.385935098524904,,,
st27,base,0.7476424563802602,1.385848957064789,0.7980848068455465,0.8648081099348718,0.095646612190607,2.1735897467322807,0.8535367701666726,1684.8063812746411,0.052206694852576,34.10775000000002,0.0008984632712162,1.3537679397611853e-18,0.0082759811622243,29.999999999911257,0.1000000000056089,-0.0271700304624527,0.0330214068064372,,,,,,
st27,filtered,0.7475546878310682,1.386089931391437,0.7980726727964229,0.8647558665794698,0.0954348873728511,2.173844169376674,0.8534307802254069,1687.694493829175,0.0525502056372679,34.107758244973276,0.0009039598507929,7.488645084675063e-06,0.0083346105284895,29.99992060294854,0.0103537876642982,-0.0275814184132221,0.0331152077990406,1.979763072003767,,,,,
st27,base_tz,0.9181330915311652,0.7893360696283905,0.9357545291266492,0.9582252520723572,0.6764580501209598,1.300091117463098,0.9056841398910918,-1188.364340658419,0.0879474253623043,,0.001086041631742,0.6334754332952038,0.0287113653964375,29.999999999999996,0.1000000000000003,-0.0805863419066883,-0.0116063325534757,,34.10775000000001,-0.7763492010477256,,,
st27,filtered_tz,0.9179642250635576,0.7901497300666154,0.9357163492086328,0.9581360772887688,0.6769767128707509,1.299048626229218,0.9055842909740844,-1181.101643283236,0.0891008585548322,,0.0011015950727396,0.633475433295196,0.0290705770217508,29.99999991166164,0.0139672318397333,-0.0821672421658109,-0.0121346360213343,1.957336424511472,34.10775000000053,-0.7757295448263655,,,
st28,base,0.7615989774180887,0.619608779360671,0.6684887859848658,0.8996483029965854,0.5421707606821746,0.8371300954061482,0.6459570969230658,-2428.9457098231446,0.4256497749176043,4.929583333333736,0.0045569546367021,2.2630781975546066,0.4594640830233508,21.063177537115457,0.1000000002425705,-0.0923027680903879,0.6474371822010957,,,,,,
st28,filtered,0.7585640935896791,0.6235401674417825,0.6688692811823422,0.8970130810456886,0.5403845165068604,0.8387615585711103,0.6461965226965356,-2394.612781543539,0.4435103662242821,4.929583333333335,0.004878812836008,2.263078197559373,0.4786053322577456,20.421921901071286,0.0553255700552963,-0.1006213444811649,0.674052841708389,1.8260891440097649,,,,,
st28,base_tz,0.8120669895422914,0.5501296356108603,0.7367232470869023,0.9169490516836856,0.769150645595049,0.5944365771952805,0.7076102264296351,-3034.9379857613694,0.3531088916012888,,0.0040995845191082,2.2630781975609655,0.4879406285608078,18.400542891086825,0.1000000000006347,-0.1306704482789159,0.5405926187568632,,4.9295833333334,-0.3287232365775064,,,
st28,filtered_tz,0.8085842775428264,0.5552036457077101,0.7366708899353122,0.9144326576633937,0.7670567565622737,0.5971263714215774,0.7076135104097887,-2986.0045906468763,0.369623456015713,,0.0044464107827577,2.263077783175585,0.5099847055392102,17.698643174174272,0.0122453687887616,-0.1409293286197011,0.5652102076540251,1.839505600044073,4.929583334857734,-0.3269491384496519,,,
st29,base,0.8357087458987458,0.3830518821888763,0.830275729266677,0.9165028107264012,0.798855894972238,0.4430390119794474,0.7582183623748605,-4887.397683378174,0.0549501780345862,10.012500000014612,0.0003024193845019,4.924856996930872,0.0713995314044567,29.999999945835643,0.1000000000275773,-0.0360145506685971,0.0663382837280404,,,,,,
st29,filtered,0.8322157426910577,0.3871025063283515,0.8290573444552489,0.9144651151416324,0.7949068370905013,0.4473669602933159,0.7572494465532686,-4831.624097600067,0.0546353263473709,10.01250059770964,0.000301827873892,4.924856154115242,0.0711402910495665,29.99660667612512,0.0103268024167716,-0.0358916223995069,0.0658505498896741,1.9134608955168249,,,,,
st29,base_tz,0.8615426993435871,0.3516481269425384,0.8464735907736161,0.9307612905301436,0.8358219658405805,0.4002633638583135,0.8040185768582571,-5322.675128807562,0.0357346405714435,,0.0001802810735248,4.9248569969475575,0.0515361629616734,29.99999999999787,0.1000000000065298,-0.0297660134360063,0.0401952948478525,,10.012500000000818,0.2280730913828182,,,
st29,filtered_tz,0.8585614780647746,0.355413756059882,0.84524570103813,0.9290714247833858,0.8335688456208066,0.4030005399886551,0.8033594787129117,-5266.22422850579,0.0353857021463667,,0.0001783921583941,4.924725319865727,0.0512679941379029,29.993862243395156,0.0158597628448201,-0.0297014929808679,0.0395908474931251,1.9316425659796512,10.012501105031337,0.2309902702900529,,,
st3,base,0.2199147868206686,0.4468131500176605,0.249883981744304,0.4689525967765068,-0.2487042427863919,0.4890113740832824,0.2776102316423245,-4101.913988334532,0.3606294296014926,1.851557717177567,0.0039584775430026,0.0999999999999994,0.0087135305044578,0.289990384582018,29.99999999999932,-0.0053762707168794,-0.0755667241073986,,,,,,
st3,filtered,0.1816225391804651,0.4576481944141468,0.1811708411856404,0.4263037422025935,-0.150384012415256,0.4693648746856098,0.2800122386561873,-3977.3812382997585,0.2271903418855674,3.3760944974428977,0.0032988276497095,0.0999999999945248,0.0499999999998977,0.1000000020348817,0.7999999999999663,-0.0058247637536895,-0.062564760181813,0.1000000000007796,,,,,
st3,base_tz,0.5520258477584644,0.338595671146801,0.6365255073877816,0.7429844205509324,-6.349006069579787,1.1863244192869509,0.1527757603588847,-5518.199109349423,0.7884611022619115,,0.0040899214909014,0.0999999999999999,0.0105698837554772,2.018697407474816,21.022194979428946,0.0154528588935564,-0.171348524262361,,2.204859852050966,0.1520884146988596,,,
st3,filtered_tz,0.5487308769927486,0.3398386210381236,0.6320217570442956,0.7407662708709104,-6.565744273374783,1.2036909516410397,0.1476741753435022,-5497.460513941304,0.2656029284415078,,0.0043328262301344,0.099999999991406,0.0499999999862544,0.1000001582856413,0.7999999999917656,0.0079303230025584,-0.0690690949710764,0.1000000000035954,2.725508722002286,0.1821319317848956,,,
st30,base,0.8754319141235474,0.4078133776295763,0.7549801201852177,0.957155158872624,0.5033864694192242,0.8613059763837819,0.6916207808560507,-4567.185994060378,0.3576343798725124,7.227500000004146,0.0023239801635728,0.9047406752528472,0.6973103373430642,27.44302183807365,0.1000000000069024,-0.2319817772288706,0.5208172971779563,,,,,,
st30,filtered,0.8723339409285653,0.4128533363763369,0.7572188340111373,0.9543554717775338,0.5000850595389872,0.8641641484853243,0.6932421169257986,-4502.396575200089,0.358029844817797,7.227500015716438,0.0025158514074772,0.9047381206563608,0.6978848166502403,25.057674711386134,0.0101998336917126,-0.2403159608711405,0.5215052950022262,1.6662717857231482,,,,,
st30,base_tz,0.8986457406072874,0.3678570423487652,0.8013611169219576,0.9612058726652554,0.8562046764019002,0.4634688688066716,0.7450368897441926,-5092.31126030617,0.2494362044492189,,0.0017281217546021,0.9047406752559084,0.6149856014965965,23.49384636227535,0.1000000000000016,-0.2173690890080039,0.3719656047077909,,7.227500000000002,-0.2909770698606836,,,
st30,filtered_tz,0.8951031905425532,0.3742305275871488,0.8026402167858783,0.9586282798706376,0.8502482149325861,0.4729706489544308,0.7460332162281724,-5002.49936585997,0.262257192373396,,0.0019906245908789,0.9047406663621316,0.644720781336307,21.201634585172258,0.0114304062787376,-0.2341375445612178,0.3907511995476721,1.7558531416632597,7.227500048831129,-0.2874023422040956,,,
st31,base,0.6655711437259801,0.9034818107393572,0.677150316462181,0.82095214674623,-2.925295788603649,2.6183675168353173,-0.1833444458179864,-501.06742608622983,0.1034131216502831,-0.2691666666666635,0.0010294755059793,0.2319965657060451,0.0318153720862966,29.99999999998282,0.8572006589305862,-0.0912561816249705,0.0578877435243885,,,,,,
st31,filtered,0.6670054111548298,0.9015423446012368,0.675297235976835,0.8223571443214702,-2.8939870390080156,2.6079043645806426,-0.1781882104218421,-510.0572331954429,0.3808583713316274,-0.2691666666666663,0.0039409881493543,2.8261633223559742e-11,0.1643071892396141,29.999999999999993,0.4550228914760272,-0.39846076779948,0.2552502108903609,0.1000000000000001,,,,,
st31,base_tz,0.790562591656417,0.7149812772434544,0.8244253742172238,0.8895446723569116,0.1983798194355597,1.1832560434790336,0.5381465075011136,-1695.7414886650618,0.11067603013034,,0.0010285400003472,0.0044407675742419,0.0388370555906397,29.999999999999996,0.9967850773814124,-0.1123271881877365,0.0565344004415879,,-0.2691666666666666,-0.353275178386523,,,
st31,filtered_tz,0.7959037845262142,0.7058054664919903,0.8264021085559634,0.8926379498025886,0.215797393112175,1.170330575062371,0.5464143198539886,-1759.7974943363197,0.4793982432468649,,0.0044882595881489,1.504214735888163e-13,0.2002538997051327,29.999999999999996,0.7999999999994079,-0.5284441017480205,0.2849433915294112,0.1000000000000001,-0.2691666666666666,-0.3762055812482197,,,
st32,base,0.8012478640244912,1.28441423549394,0.8232362063404842,0.8959687284516833,0.7300270224322671,1.442267070214779,0.7626150053801836,1298.0483481485735,0.032348694621326,-16.741916663505705,0.0151146984895946,1.4425836545567043,0.0364228501177751,0.1000000030508373,0.9091754269748248,-0.0031422960568326,0.0706031078413716,,,,,,
st32,filtered,0.7998444495172157,1.2889409660132711,0.8204497472010744,0.8952868433425074,0.7441374839221631,1.4040703641689531,0.7676017822443482,1318.0402085338974,0.0306275653812404,-16.741914620009965,0.0151418170172136,1.44258365358308,0.0363317239305638,0.1003622720415628,0.7999959916518803,-0.0044351996789501,0.0680222288897696,1.979221421297499,,,,,
st32,base_tz,0.8183990764310438,1.22774517040523,0.8297017057346453,0.90592021536172,0.8054159632084221,1.2244446107493614,0.7821595784587614,1069.286900484074,0.0443952710530596,,0.0157562597301552,1.4425836545571196,0.0296887198966795,0.100000338602066,2.0378693805474475,0.0200987175898585,0.0799566251257619,,-16.741916666633582,0.3868086757351203,,,
st32,filtered_tz,0.8090432216846905,1.258973959964948,0.8124096084686083,0.9015603443531528,0.7891844649744473,1.2744912115613154,0.7824628346064003,1199.7392248715053,0.0289821829388149,,0.01472053444569,1.4425836545571264,0.0327928811605894,0.1056127790644337,0.7999999999999908,0.001448947516427,0.0611891131043955,1.980666173756026,-16.741916565309403,0.2904353851334065,,,
st33,base,0.8855773338895437,0.7373307042496778,0.9160190740334508,0.9410515849448788,0.6078227939954222,1.392429331730852,0.7543915258371776,-1534.331793254309,2.3143954332855493e-09,-20.431749999990707,0.0045351986193984,1.9882499404485492e-11,1.415085016571427,12.425140854945262,0.5582019477655097,0.2190429835956694,0.0374268501913155,,,,0.1331817996118562,-1.854954290166863e-09,-22.952255746207943
st33,filtered,0.8526617234684649,0.8366890411055149,0.8916185978304841,0.9233968425454376,0.5852500213755631,1.4319411684397785,0.735378953630561,-885.8404860858194,3.722406157623166e-06,-17.71224560398422,0.011479051776015,1.4001570751826406e-06,1.3269960857202046,4.091423505734347,0.5494879401113043,0.1551142964164638,0.0244023601137694,0.9132620228933184,,,0.1329851700905945,-8.492649940353093e-06,-22.94947392736332
st33,base_tz,0.8856381998604249,0.7371345703872474,0.9160646676779646,0.9410839239156892,0.6289744671296115,1.3543592800290605,0.7577973410206593,-1533.6923252324293,0.0072634893838764,,0.0045178021976163,2.7179988240808254e-16,1.4194231171489735,11.566471155727513,0.559792986510144,0.2120143870059234,0.0186183300083221,,-20.43174997448875,-1.9999992452204056,0.1195656274828585,-9.930130525325178e-19,-22.952255743968003
st33,filtered_tz,0.8526913893065476,0.836604805251364,0.8916297831114601,0.92341290719539,0.6000351809825915,1.4061863740519616,0.7376859998455194,-884.3553773100109,0.0047536993139761,,0.0115436655204837,1.8977256885072415e-34,1.3252407230772811,3.962040375154565,0.550298355400464,0.1531971996653613,0.0187483251523784,0.9160721112622432,-20.42699355531132,-1.9328329399083195,0.1247163639592067,-1.4514755198511642e-35,-22.952254580691022
st34,base,0.5888054926084085,0.2394087353496766,0.6710065233073035,0.76733662781813,0.4891797115271719,0.2305366608907293,0.5228516218487985,-7292.887451835186,1.3246556740161597,5.99620126846183,0.0035632472387517,4.4281550711742444e-14,6.767390652875329e-16,25.4210194098517,12.528440269053592,-0.1579987725254343,0.2268446030594913,,,,,,
st34,filtered,0.588805493051015,0.2394087352208278,0.6710064776601663,0.7673366280964199,0.4891622967203272,0.2305405905674606,0.5228475400726675,-7290.887454587521,1.3249348637974223,5.996217398608555,0.0035641237457982,2.3495295436916474e-14,7.095475971478043e-15,25.41824866071247,0.0759656562192485,-0.1580513493766806,0.2268795096143675,0.5760024224791142,,,,,
st34,base_tz,0.6584421891247205,0.2181968370420097,0.73333977455573,0.811444507747506,-0.4260463469430213,0.3851880008198652,0.464664059636834,-7765.337284811524,1.3331637754264831,,0.0034929507231616,1.686838061124284e-20,0.0273619323736219,29.437407608332325,0.1000003139351209,-0.0905322196552676,0.2544671535893549,,5.63479970281952,0.0547127001341442,,,
st34,filtered_tz,0.6582269069529376,0.2182655903949406,0.7331524096482916,0.8113118433637433,-0.4235354299322091,0.384848740731892,0.462537239062179,-7761.726128259693,1.339556117463666,,0.0035237195487031,9.759674861921282e-20,0.0239811211013866,29.299086141069814,0.0867170701481888,-0.0935421906270787,0.255733754996686,1.2452321328143696,5.655419519780225,0.0540067841073604,,,
st35,base,0.9069850922106611,0.5201381268830483,0.9325777859432424,0.9523576600580844,0.8756676081530542,0.6456239268696479,0.8832309008117465,-3297.3679532244755,1.31307117654216,-5.621249514860865,0.0029920246269676,2.1225183959184758e-07,0.0259603467276204,3.870321728140501,29.999999997312003,0.2651864974846785,0.2950694213483477,,,,,,
st35,filtered,0.9489897688111204,0.3851864980201376,0.9631574767031192,0.9741638050741804,0.9194349961078137,0.5197095399782058,0.9168632089427936,-4818.82824861747,0.0061595107919487,-13.043333333331846,0.0019992851974358,0.1160709788345696,0.00957124195511,0.1000000000003717,0.5644894008664564,-0.0048319375024368,0.0016922567510007,2.0000636598583195,,,,,
st35,base_tz,0.9085295818896646,0.5158016671983768,0.933726614455536,0.9531681909017192,0.8681658496682391,0.6648159571879778,0.8792197586191424,-3337.83113904984,1.2812102772737577,,0.0028795178156113,1.979613606633768e-12,0.0248781729542731,3.8663631033477777,29.999999999999776,0.2270369255887043,0.3204765561026644,,-5.5302876699915355,-0.035828582693489,,,
st35,filtered_tz,0.9490176075075872,0.3850813764281042,0.9631662046269536,0.9741779885718592,0.908647579119964,0.5534106380210386,0.9131196756595924,-4818.212641595005,0.0062481914771811,,0.0019955417763507,0.0893188232900782,0.009588158481338,0.1000000000000233,0.5628477730732917,-0.0049193556083637,0.0017934879417268,2.0000536972873797,-13.043333333333248,-0.0208167511520552,,,
st36,base,0.6344432967024716,0.6678668622786483,0.697980276597141,0.796776399314353,-0.7565421433265405,1.5641050288685912,0.3411228742073788,-2040.350139773765,0.0276701180871803,-2.393302389514612,0.0005773870436638,1.9871088204238492,0.0003202223240215,9.852203090652088,29.999999999999996,-0.0089844245501552,0.0125995278514737,,,,0.0039816964621682,-6.156610512457229,0.2649596207117868
st36,filtered,0.6327886716885822,0.6693766438738729,0.6944383170489026,0.7958167252592568,-0.7557025545820664,1.5637311801850469,0.3307196927666976,-2026.8024652879824,5.257053824786914e-07,-1.7884629141564137,0.0005299607793712,2.030963256162973,0.0252949154867891,11.20941915719655,0.7319330839313697,-0.008200768875498,0.0135932684586468,0.1015193099022786,,,0.0074676506752066,-6.1565182583983855,5.159061953713008
st36,base_tz,0.6670069102769752,0.6374265226033705,0.7206716143120291,0.8171987272384816,0.075367005847475,1.134805203834593,0.3832134692786914,-2276.9173907355516,0.0298448221807736,,0.0006486625554433,2.0329339856912942,4.8751656350200936e-08,7.584848289589933,1.4624595058795655,-0.010293631842552,0.0095979130810093,,-2.7329643123794356,-0.1126216349248171,0.0008687179528743,-6.156610512457229,-2.6038797170400447
st36,filtered_tz,0.6670244318866758,0.637409752156759,0.7209075452470419,0.8171987902408622,0.0737215380418581,1.1358144991052728,0.3842576373214654,-2275.051939878331,0.0168644252382779,,0.0006482770059065,2.0329339856912942,0.004810436414022,7.592602976179446,0.667260432173971,-0.0103135541372735,0.0095747912075732,0.1,-2.795254226208645,-0.1985488347815263,0.0090538130070303,-6.156610512457229,-1.0850530487203545
st37,base,0.916802298788849,1.000513036728362,0.93991734139849,0.9574979388811046,0.2700236506057976,2.8338283468085748,0.8002569941849382,20.621971229110713,0.9879444613671606,-19.214913841289917,0.0082480222543091,4.447687921195543e-09,0.1226348476409022,28.428272779964527,16.105237685885605,0.8455242751700364,1.9999999920690288,,,,,,
st37,filtered,0.7915792919768316,1.5835709346546591,0.7912936278814846,0.8927208277214997,0.6106109079989297,2.0697173303236513,0.6493081434037027,2369.896337358496,0.0271052515945349,-26.126624999999994,0.0010151906433675,4.115754943394447,0.0200625192499548,29.999999998592564,0.7999999999999999,-0.0274401010382633,0.1393546790765953,1.9863256755374077,,,,,
st37,base_tz,0.9168792044393268,1.000050506547329,0.9399818150068,0.9575380976412056,0.2868411266116549,2.800994722568913,0.8035246516538286,20.258182950036268,0.9657982048806566,,0.0082378191711274,5.9837639284999025e-25,0.1217147878061072,25.188600596139786,16.207956554396432,0.839457805504047,1.8915987312525608,,-19.311218602912724,0.0244282678994221,,,
st37,filtered_tz,0.8332564088206276,1.416418739384371,0.8451450838051082,0.913877415112237,0.4254164672277489,2.5141763282008935,0.6838528694107329,1801.649104499596,0.0382028491201131,,0.0013805450059839,1.7106457680588636,0.0277606737696093,29.999999999994134,0.7999999999999999,-0.0530827151520374,0.2119046498968688,1.979708431187998,-26.126624999999994,-0.6535382474777376,,,
st38,base,0.7832835533617951,1.1110267551952402,0.831735174787467,0.8850693909518567,0.7672615813074175,1.198420141824557,0.8214097524611357,556.4254057967088,0.036661537896062,-16.510874999999977,0.0093429705466034,3.4218633687618207,0.045275385114949,0.1000000000207767,1.2013640438516608,0.074964037649741,0.061946097398151,,,,,,
st38,filtered,0.7751544326948827,1.1316724595045549,0.7989053227870319,0.881546949976376,0.6968233445877213,1.3678010688509692,0.7885955884596082,652.5843673186847,0.0304012157570366,-16.510874999997963,0.0093611923347619,3.4218633688633813,0.0413303816763883,0.2919621551255591,0.7999999999999999,0.05058216542771,0.0583144346645479,1.9755425913739504,,,,,
st38,base_tz,0.8573449277874827,0.9014096246956924,0.8940489100839717,0.9259308188210912,0.6780895481345277,1.4094270386873686,0.757510269163331,-510.8101424351106,0.031186960843131,,0.0068845635863922,3.4218633688637348,0.055250330618367,1.0602876364395657,0.1000000011549355,0.0188164328617617,0.0728301925663491,,-15.954855820907612,-1.0903775593504792,,,
st38,filtered_tz,0.8569005466219245,0.9028125120500372,0.8936628386951693,0.9256909434039,0.677706031471113,1.410266368152385,0.7560421983126762,-500.8572776188896,0.0317008537092702,,0.0071362654323689,3.4218630102524235,0.0550471162364758,1.0410732385671209,0.0442573791377735,0.0181294624290229,0.0732793403146057,1.934113353000206,-15.766522612045671,-1.0812313174888566,,,
st39,base,0.7752512067882873,0.873748777585935,0.7741909543488672,0.8839120962390835,0.0839570988644458,1.6555204532711896,-0.0310551026596046,-671.927709453451,0.7354017460250051,-4.414583333314663,0.0074153674819972,2.3412673388485916,0.1022688627270297,29.99999999263975,3.690972736293947,-0.5652786887350554,0.5780709335788389,,,,,,
st39,filtered,0.7584192363933676,0.9058766633411988,0.7637067731896795,0.8740356597985697,-0.1624670037662035,1.864949005506563,-0.1949835485729587,-485.3320138409863,0.4711298732324277,-4.414583333333332,0.0063029279954643,1.624724830227386,0.1966901267302307,29.999999999999996,0.7999999999999999,-0.4922273080449104,0.5134310429957374,1.3010200606867532,,,,,
st39,base_tz,0.8797532799006802,0.6391083865680407,0.8869812208907749,0.9385544135270256,0.6794430762509105,0.979330374812378,0.5827592611958105,-2268.5463963637894,0.5879143219770459,,0.0056986528399695,2.536612706396752,0.1155668111358462,29.999999999999975,3.2660080447564144,-0.4912829270349561,0.4143142025118613,,-4.414583333333332,-0.3395513350931682,,,
st39,filtered_tz,0.868790057852505,0.6676075952504926,0.8782722056325042,0.9327257818607946,0.7070219900046707,0.9362550135151094,0.6930991674854666,-2043.527679110662,0.3192631017970889,,0.0043360084267352,2.5366127063643056,0.1881340177126068,29.99999999996773,0.7999999999965881,-0.3890359568315883,0.3328469470603422,1.4520998377682124,-4.414583333316718,-0.4688495798002852,,,
st4,base,0.6518817257678023,0.2863276154764208,0.7275001130267994,0.8073919437894546,-0.3086219458433668,0.6268725385770394,0.6123141857329012,-6377.663597610673,1.183447618197704,3.978458220698205,0.0051554212074079,0.2893896120096143,0.1393748469626286,10.552454054933694,0.1000000208632284,-0.1020529951115252,-0.2543159289836946,,,,,,
st4,filtered,0.6490863260879652,0.2874749263100658,0.7250459320616389,0.8056589555230779,-0.3329761097727775,0.6326788672916187,0.6078392722626971,-6355.212815346341,1.1622394095515638,3.9984304562715303,0.0052338422001716,0.2893896124424313,0.1328170089387456,10.19695731534994,0.0508275857728055,-0.1017404062461259,-0.2476355348057414,1.676311636639405,,,,,
st4,base_tz,0.6933089725171638,0.2687511682632443,0.763298109707852,0.8326517741792623,-1.2933213155857763,0.8298595559718869,0.634238526149376,-6699.639268806138,1.13645619509573,,0.0051015840748048,2.511219753064927e-09,0.2122913845941037,8.93110156795007,0.1000000538702611,-0.07851811079179,-0.3047591590612419,,3.365806067120519,0.0677462170094008,,,
st4,filtered_tz,0.6888706556306033,0.2706888159930564,0.7595296329191406,0.8299823242790423,-1.3006016034954415,0.8311757320299639,0.6292395581612549,-6660.9005271619135,1.0961134265317036,,0.0052539263254721,3.2334086716603186e-12,0.1993075346405576,8.291667037377916,0.0425567594730213,-0.0786636907041999,-0.2922078710985063,1.602439474936158,3.400581259160645,0.0661534971910373,,,
st40,base,0.9128063463747004,1.5172027839155136,0.933743430387819,0.9554192893243424,0.9557126329137738,1.1224166136119225,0.9640392928981222,2149.8648223655823,0.0083760568394863,-36.3179583015878,0.0083452060073483,2.6914667841281155,0.1276908978576266,0.9599710145895408,0.4835582043687965,-0.0536061753820087,0.0987644509815082,,,,,,
st40,filtered,0.9118948644624364,1.5251122334498288,0.9328167094967764,0.9549438227217584,0.954028421307712,1.143559758671814,0.9630463398560872,2178.4557676291492,0.0088991678124952,-36.317958333333294,0.0084786067542131,2.691466784128153,0.1309271698962031,1.058283765973183,0.4830204319294333,-0.0597089998554616,0.1016373729477987,1.9792177187574027,,,,,
st40,base_tz,0.919691605093824,1.456068028059856,0.9383871846563494,0.95901869982952,0.9552780224898624,1.1279105393996802,0.95461624422373,1941.5326787807403,0.0159485560279129,,0.0075022136185771,2.6914667841277935,0.1230254407121974,1.2239939185937891,0.4768812984147201,-0.0954612017375816,0.1216707627508047,,-20.862593267314324,-1.9999999999994216,,,
st40,filtered_tz,0.9188559286305192,1.4636242286476009,0.9374926433504216,0.9585849597976098,0.9537489257379068,1.147030767984614,0.9535023587179676,1970.0029315893844,0.016423331783438,,0.0076599327308469,2.691466784128153,0.1260903335937143,1.316944746266284,0.4728570028895028,-0.1025066220936626,0.1251296008474071,1.9794308521928263,-21.421437825746008,-2.0,,,
st41,base,0.941218825011593,1.3465408951795028,0.9567706271860976,0.9701654122300468,0.943322602844402,1.2948296306644462,0.961655566124724,1539.6144678608637,0.0228372350939979,-26.173565478814417,0.0078277752358038,2.7514722615117573,0.0975013941348345,1.354866667706751,0.1000000000044684,-0.0679820105602685,0.0475886121737458,,,,,,
st41,filtered,0.9396936833853656,1.3638977656974005,0.9553488130018972,0.9693798085754656,0.9412072957157608,1.3187710317424346,0.9616982561932148,1607.1125368320872,0.0233046828408881,-25.985359620764548,0.0081694761710564,2.7514722542304098,0.0959090164824447,1.3476251411043891,0.0211473486268574,-0.0717803866976723,0.0473292741951007,1.957364121951265,,,,,
st41,base_tz,0.9420355344662228,1.3371537113609702,0.957443559655389,0.9705860829693804,0.9446676905201592,1.2793726994157617,0.955670868614594,1505.8382258716738,0.0196864215113883,,0.0081246449513925,2.7514722615087903,0.1002273703024704,1.2355933127414842,0.1000004893406653,-0.0511792268738303,0.0368687434287907,,-29.269308501631706,0.5508783610030737,,,
st41,filtered_tz,0.9404492487536374,1.3553268387250506,0.9559663473535528,0.9697692777200534,0.9425287637403564,1.3038659680598994,0.9562511890852404,1576.874033531252,0.0203058783047223,,0.008461782340564,2.7514722552433093,0.0985206174738196,1.238579928674222,0.0811133666763484,-0.055850126237576,0.0370968187374242,1.9569806915291137,-28.821756097541204,0.5090596888992612,,,
st42,base,0.953754115772653,1.2092542800988948,0.966568338692949,0.9766035008789564,0.9522147207171866,1.2527176964298408,0.9601589602907288,989.6798023305104,0.0210727592104613,-43.55245833331985,0.0058486519149897,2.9613559377176104,0.1048073059613042,0.6219299281954291,0.2761909818350106,-0.1118636604728585,0.1549813450435015,,,,,,
st42,filtered,0.9523892904152804,1.226968509320182,0.9655878563254509,0.9759044812131624,0.9514159522865598,1.2631443839702394,0.959254955068473,1066.0508041896044,0.0216683010193773,-43.552430118395215,0.0060845878308545,3.0848026685910956,0.1062172381718684,0.6768910607990798,0.2648963003274892,-0.1155575838135183,0.158582951839581,1.9511212351779137,,,,,
st42,base_tz,0.9592614961213192,1.1349680267360522,0.9710616984433258,0.9794190149818672,0.8525077707655901,2.200851388734612,0.9081316869468816,667.4553120494884,0.0275372947573645,,0.0049022224761949,3.8400674706753777,0.0912968241675591,0.8264633191311673,0.1000000000063146,-0.128735939861489,0.1736451002057632,,-32.83439680968655,-1.131054828277182,,,
st42,filtered_tz,0.9582230947369702,1.1493418539180094,0.9703075796650864,0.9788887574500588,0.8484587633826766,2.2308561223523005,0.906167065204496,733.8149884852938,0.0287912702643956,,0.005094289239097,3.984405104836247,0.0917842559918709,0.8703735744069913,0.055982635451802,-0.1328016736284793,0.1779837813800195,1.950786628461796,-32.22584008203865,-1.127592335083095,,,
st43,base,0.6794957575808798,0.2600330635324473,0.7488202566903224,0.824324463460703,0.450758546764606,0.3539265242851153,0.6741372097257099,-6864.284342798651,5.875637909087299e-06,2.6856404480324607,0.0018474432572459,0.3382970002340525,0.0009750672387962,0.109298956723727,4.2625074585487,-0.0003331663121508,-0.0006662556122463,,,,0.0185488871194875,0.0041209077812406,-5.139811010254315
st43,filtered,0.6778740809707708,0.2606900867693068,0.7419454061569477,0.8234136817937139,0.4642947604832136,0.3495380059936286,0.6755522071065585,-6849.379141198062,2.206725752660863e-05,0.6143527415728044,0.0017939510915601,0.3382970002340525,0.0036444944325555,0.357831065738222,0.7999999999957418,-0.0004217872135859,-0.0009090497862931,0.1,,,0.0169595183678222,-0.0066583565731228,-6.272596440549996
st43,base_tz,0.7924220484632742,0.2092677438985944,0.8369347424008322,0.8902470170270459,-1.6967048308267256,0.7842385089725269,0.6175842565293456,-7973.015926438186,0.0011611602358063,,0.0021113474217254,9.42716343282168e-27,0.0016299880145193,0.3758075777898972,2.0099591809966046,0.0004996287273005,0.0016883266650906,,0.3623092926665389,1.3477260833666826,0.0135523109446271,-0.1255293515675145,-7.141626469959241
st43,filtered_tz,0.7913335892520058,0.2098156864549234,0.8287020132944027,0.8898200622945683,-1.7996095327420265,0.7990614686791269,0.6219783729411943,-7957.643029172941,0.0007365500091093,,0.0021671528856241,2.740504752625042e-34,0.0026011921438389,0.3242689965699903,0.7999999999999857,0.0005388822534097,0.0018472669478506,1.9378540913324571,0.3495833333333335,1.9999999999999811,0.0117404943625755,-0.1151029144393068,-7.141669193377704
st44,base,0.6863772331879187,0.9173677577652908,0.7342504715797862,0.8293443144868266,-4.141526483931542,2.2834280543554963,0.3842188843884975,-423.06635340131,8.388334728448293e-05,17.217461877120595,4.080224435416016e-08,1.3587995475739112e-05,2.947736121231074e-06,1.380344088019859,20.258839664413756,0.002975289767036,-0.0083004839552792,,,,,,
st44,filtered,0.6850568993150199,0.919296762488279,0.7227162358094184,0.8294615558049528,-3.4358565713021676,2.120948100861745,0.3437618655770914,-410.324126204294,9.70102270089018e-05,24.343749999998792,8.612966292609731e-27,5.7784670940537074e-33,4.708729787244083e-05,28.676672430452115,0.7999999999999996,0.0025376003295587,-0.0083634095414933,0.1000000000000044,,,,,
st44,base_tz,0.7629365566210193,0.7975758132001666,0.8168953431933714,0.8734837178942385,-6.078232217168029,2.6791911329553617,0.5912779402502484,-1136.676262258077,0.1141913046293551,,0.0006096942180675,1.2800242750769049e-12,0.0121680959819625,29.99999999999892,0.1000000007622899,-0.0174437692501394,0.0357900628151978,,15.087916666704688,0.7232379776073788,,,
st44,filtered_tz,0.762880947012607,0.7976693541470201,0.8171175093347216,0.8734493146773319,-6.080941494299396,2.679703829953123,0.5910372970396466,-1134.0765194567207,0.1159051699163237,,0.00061756711132,2.946797621239795e-05,0.0123561222560461,29.999480263017592,0.012024452213133,-0.0180460835758316,0.0362801313624863,1.9716942867546683,15.0882201786408,0.7233407779279055,,,
st45,base,0.6219569137450323,0.8058986900843239,0.6712983794570837,0.7898131859054784,-0.0355743876633274,1.486821001215412,0.7105807585338431,-1085.1554860757897,0.0343116491685243,5.611666666667213,0.0042494712975633,3.769137900525834,0.018052819761983,0.1000003142333787,0.1000000036167081,-0.0172216338775422,0.0305494801263371,,,,,,
st45,filtered,0.6236317316527533,0.8041115501586351,0.6712222291235075,0.7909984734119426,-0.0285437252736115,1.4817652855657053,0.7082569468622935,-1094.5043120943906,0.0341583775532885,5.611666666666668,0.0044039193366596,3.7691379005262537,0.0179183560342131,0.2968932073158962,0.0617105620196711,-0.0166959715207302,0.0308780800778904,0.1,,,,,
st45,base_tz,0.7303036885642114,0.680686760009296,0.768578105962891,0.8553637382554885,0.7359117570857177,0.7508316478307039,0.7206030058284554,-1946.3463878648329,0.0405881366919699,,0.0039734885244066,3.7691379005262537,0.0233550539171159,0.4968219212859934,0.1000000009061308,-0.0223555173290828,0.0343924655524141,,5.611666666666718,-0.3531276850629991,,,
st45,filtered_tz,0.7343018058815819,0.6756224951858689,0.7713015448774269,0.8577139160828383,0.7309964461674958,0.7577868162127004,0.7074873228051758,-1982.5215193683628,0.0475700408839414,,0.0039641213207025,3.7691379005262537,0.0155597918030444,0.6410511523790308,0.7747556056379851,-0.0218521412813063,0.0354251047868296,0.1,5.611666666666668,-0.3058213618912599,,,
st46,base,0.5185243376317825,0.9796209862109532,0.5761701697506543,0.721252215560336,0.7367975846728657,0.7110408158101157,0.2427930032915704,-87.25368190172766,0.396996019490026,-4.22749999999973,0.0033998280695001,6.550520182965123,0.0417430612389372,29.588696975177893,3.6393250859292414,0.1026272434413773,0.3246985482897147,,,,,,
st46,filtered,0.51103714831552,0.9872084030985596,0.5655514248944047,0.7163442720592378,0.7405133559464836,0.7060039009522544,0.4492777040939832,-45.81246981923813,0.2096880812967296,-4.227499999967175,0.0022597262224004,7.197731497940599,0.0690409604932285,29.164203262873688,0.7999999996734477,0.0611850982744522,0.2061995852710586,1.9440423379305536,,,,,
st46,base_tz,0.6869267432806865,0.7899396190255865,0.7518948783995201,0.8288540546008513,-2.0009363780719713,2.400921662726327,-4.839780450351585,-1185.4033022986737,0.0198461072178505,,0.003570342675076,7.212559016982249,0.007927311908142,1.4467909836971704,1.1057388319279418,-0.0060007583537057,0.0100459465050122,,-4.227499999999998,0.7069016507679042,,,
st46,filtered_tz,0.6855529618826546,0.7916708695440074,0.7510838182085946,0.8280198080683326,-2.1189512572506852,2.447675776613059,-4.962540124809078,-1172.2119802268835,0.0176966753202643,,0.0036711032363616,7.114167539367456,0.0088295313197444,1.3808119651106014,0.799999999960153,-0.0061100941088048,0.0101427554405427,1.9955270445502595,-4.227499999999998,0.7669250553456756,,,
st47,base,0.6279701571214478,0.4971456733772772,0.6671764057069158,0.7947279393163027,-2.0772024518945487,1.4235348081740506,0.4079366242643679,-3556.0323819389246,0.002559500731659,5.276250000000097,0.0007813589551468,0.1987180432921692,9.505911446133334e-36,2.548299469460232,0.1767714110782533,-0.0014333721728755,0.0024667628559767,,,,,,
st47,filtered,0.6279701571449553,0.4971456733615706,0.667176594917103,0.794727934490015,-2.0772104635338864,1.4235366612923004,0.4079359886547608,-3554.032382100494,0.0025594876073915,5.276250000000004,0.0007813808206632,0.1987201700702561,1.83746435913878e-27,2.548202168862266,0.2187990660739487,-0.001433375358496,0.0024667273005999,0.9336999233374056,,,,,
st47,base_tz,0.6655571786724161,0.4713632438868323,0.7171662233555518,0.8164871530437012,-5.598676185888725,2.084579509427447,0.2039499802378196,-3826.3737128608127,0.0034428708141772,,0.0005701794928613,0.4770924271516306,1.0627442422404736e-26,4.816812455991801,0.6259337817848677,-0.0005900029772262,0.0053347349000285,,5.276250000000001,0.1293088532243045,,,
st47,filtered_tz,0.6655571787693607,0.4713632438185156,0.7171663743137946,0.8164871458614739,-5.59867470623219,2.084579275709215,0.203950081390569,-3824.3737136020072,0.0034428679015602,,0.0005701920636009,0.4770921216804993,5.93417082338273e-27,4.816690850417702,0.375470147431725,-0.0005900291461502,0.0053347285597097,0.1042106820817605,5.276250000000001,0.1293087901943728,,,
st48,base,0.8086359684884975,0.5977919618416836,0.8555010456566895,0.8992464411339489,0.775701849833298,0.5841580838006512,0.8802847551541253,-2607.2167994824135,0.0961134537451824,-10.117916666665105,0.0038911917395244,2.488327170601184,0.7997110907394197,3.8422991638619535,0.8731158564357089,-0.1298987560946261,-0.3032985984077258,,,,0.4999999999999971,-1.6841231971248278e-12,-15.477181493129912
st48,filtered,0.804144315131323,0.6047668897503955,0.8521191330555247,0.896744797397483,0.7743523271252055,0.5859127847863776,0.8778191973858088,-2545.892997951904,4.3700376239201876e-10,-1.0932808045626476,0.0048361193064816,2.712200607755736,0.7403125362458385,3.67793113646199,0.7897278445369852,-0.1154765647559553,-0.2504315892531378,1.7625555027244588,,,0.4999999999526135,-7.477344950288471e-10,-15.477181492976776
st48,base_tz,0.8742011459485806,0.4846835248576717,0.9048360917909692,0.9349984467886436,0.1346660272812206,1.1473856717202364,0.7730935082525707,-3677.86117598481,0.3203190047975657,,0.0035986696631101,2.712200899446262,0.7444379578464441,29.999999999985945,1.011145077983414,0.0868916404435202,-0.0337818890062002,,-10.117916666634676,0.9048599108907872,0.4999999999995204,-1.3747036457702997e-13,-15.477181493128803
st48,filtered_tz,0.8684929566453863,0.4955579206719741,0.8879739694213941,0.9321784785001052,0.1113429607871022,1.1627454205944523,0.7618820141022689,-3562.3912917030766,0.1182139693528724,,0.0034417578527242,2.7122008997027716,0.6550872123948738,29.999999999928217,0.7999999999999923,0.0895980964131433,0.0266285752465162,1.795808061247513,-10.117916666655557,1.999999999997134,0.4999999999999766,-3.667578498983629e-12,-15.47718149312958
st49,base,0.721275741447313,0.7767499486226022,0.7067117351348207,0.8569463205953708,0.4144406363992424,1.075266430268395,-0.5156797536925017,-1273.984579106454,0.1488921502690596,-3.573333333333333,0.0049579095986648,1.60842081652409,0.0226107515165026,1.7713414908140963,3.639927276649922,-0.0526157144339441,0.0456759611148569,,,,,,
st49,filtered,0.7015442067938911,0.8037738178955482,0.6910877259250753,0.8453598998255337,0.3394342231686917,1.1420593064224924,-0.6498823239616704,-1097.0887122603283,0.092985989842916,-3.573333333333333,0.0052269714446819,1.6084208164754206,0.0493970603132524,1.2116178894742655,0.7999999999999998,-0.0476565875637021,0.0327324187282338,1.98537139755778,,,,,
st49,base_tz,0.7423444406732363,0.7468159891602865,0.7111740003596362,0.871625458697519,-0.3051631177138669,1.605325183211932,-1.6077724503704491,-1472.9630426990177,0.1240584799413551,,0.005289160753656,1.608420816523986,0.0174327154762945,1.364678971347543,3.764185151918371,-0.0415133806332885,0.0340026477326353,,-3.573333333312305,0.1194710162122734,,,
st49,filtered_tz,0.7207440199633004,0.7774904974511821,0.6960123755192998,0.8588267788196844,-0.3875273510776578,1.6552035102684803,-1.69436671606707,-1265.111244346035,0.0826455431129586,,0.0054719634386097,1.6084208164267089,0.0412775500390847,1.004149966956393,0.7999999999996876,-0.0396421985065148,0.0262313363218962,1.988010316152888,-3.5733333333332395,0.1501791602509198,,,
st5,base,0.9709586939725608,0.344132132924252,0.9160533094446776,0.988431661818845,0.957461802495435,0.3795224068775933,0.8771161266273093,-5435.121653964045,0.0163160961015106,31.78583333333337,0.0002025324524772,2.705713035462328e-14,0.0266017087944607,21.156852054807445,0.1000000000001522,-0.0154809512667217,0.005395632092655,,,,,,
st5,filtered,0.9708929146579244,0.3445216466069573,0.915929148373222,0.9884061681805392,0.9573607122472256,0.3799730988415039,0.8768151162128663,-5427.338794078525,0.0164708293997123,31.78583333333334,0.0002125557075199,1.8350487846038364e-15,0.026940437645087,20.168857216012658,0.0164757031742281,-0.0157956513329133,0.005341602517273,1.9961810539126448,,,,,
st5,base_tz,0.9729273027639068,0.3322637159559549,0.934221589681576,0.9880509143349772,0.9560703889809749,0.3856795029727063,0.884480161993568,-5612.536046655042,0.0138759168964603,,0.000233034746942,0.2075524628562077,0.023979682615835,18.129471942172387,0.1000000000075205,-0.0129452302649248,0.0042300609382966,,31.78583333333396,-0.1151780532785633,,,
st5,filtered_tz,0.9728557672988604,0.332702404400855,0.9340957162104392,0.9880201499712474,0.9560123971579104,0.3859339882774656,0.8843399836776555,-5603.791114584014,0.0140333634818543,,0.0002426309479294,0.2109485251247234,0.0243494980482309,17.4623201073752,0.0404019701688852,-0.0132090358503421,0.0042156096544898,1.996536744421964,31.78583333333334,-0.1151848896269903,,,
st50,base,0.7100200390234903,0.5309247162538976,0.7658951897404167,0.842786061738113,0.1433191757985816,0.9397226717822044,0.717775720792529,-3219.8526205962817,0.0588427270804639,-9.338749999994429,0.0064618317881314,0.5565362631428267,0.041044550862709,0.228152201150185,0.6085163637849434,-0.0077130729118381,0.0164971594609017,,,,,,
st50,filtered,0.7064853952916166,0.5341507074879743,0.7631252863963592,0.8406810648491136,0.1312038551908735,0.9463441993021516,0.715074682764193,-3186.8730875896663,0.0589804858310134,-9.338742888524846,0.0066693201983892,0.556536263012157,0.0411473965921759,0.2486737617265613,0.5942247365139195,-0.0081955546985479,0.0174650029123615,1.940941756617937,,,,,
st50,base_tz,0.7569511819527345,0.4860665184986751,0.812590196330637,0.8700449787661699,0.7152374078450165,0.5417908306216613,0.75868501748303,-3669.2896921851698,0.1480546507122926,,0.0047117860140292,0.556536263143481,0.115920918260012,1.1212104052607,0.5513449637605378,0.012573288599735,0.0145156687527247,,-9.338749999999996,-0.2367266192809439,,,
st50,filtered_tz,0.7426992375020509,0.5001145464107877,0.803297435262507,0.8618018314775917,0.6665686944553691,0.5862641910220779,0.7506440911764692,-3521.583234873894,0.6469211614011016,,0.00241081923927,0.5565362612729774,0.4870137483361867,29.99973135107211,0.4335611417797305,0.1841506582351151,0.2063320951419449,1.216022783837592,-9.338701366556338,-0.2609343967278427,,,
st51,base,0.8929907668287446,0.2590543132617183,0.901573499320172,0.9453794553992536,0.56195354806645,0.4972894412215058,0.6400006609509915,-6889.56947682393,0.0033754710662469,24.298333333333336,0.0003718109823535,1.7946336429564853,0.0003782406288626,5.785254044296316,0.1,0.0004220590054133,0.0008497593403991,,,,,,
st51,filtered,0.8929517915345554,0.2591014858213781,0.9017787224598944,0.9453498324008388,0.5626494964203952,0.4968942487276841,0.6404643556801697,-6886.638326497353,0.0033639069118756,24.298333333333336,0.0003727721476597,1.791291949421112,0.0003731079124802,5.779875231955184,0.0487303466483568,0.0004276576914978,0.0008586625783833,2.00219339214876,,,,,
st51,base_tz,0.9564652060798066,0.165233631636875,0.9584757821062776,0.978128832576334,0.1665694582844074,0.6859364166344203,0.6570796748936962,-9187.219300120263,0.0038487621982356,,0.0003291214805408,0.9760549229115468,0.0004424380587719,6.712493608231446,0.100010572205678,-0.0001709806096629,0.0005057997510296,,24.298334057620533,-0.1616002356019562,,,
st51,filtered_tz,0.9564521597978808,0.1652583879624589,0.958508166990602,0.9781215491127836,0.1673323768341209,0.6856223932068221,0.6570980919079851,-9184.45314637515,0.0038534688356984,,0.0003313197661715,0.9777118629338776,0.0004445100729354,6.6621151872708575,0.0533785129854871,-0.0001786407373745,0.0004964267732103,2.0019323083526763,24.298333333333336,-0.1615330101526967,,,
st52,base,0.7424748434545121,0.5244483672148222,0.779759340643035,0.8623609369089804,0.7446979688313244,0.536975563164451,0.7088950191195819,-3282.618035501298,0.0123356757075462,9.114583333333345,0.0039984405888628,0.8323535499267023,0.0840004747074413,0.1000000000044277,0.1000000000000451,-0.020298159481926,0.0105910011945478,,,,,,
st52,filtered,0.7406310060442445,0.5263225002423367,0.7796383101546288,0.8612156548923324,0.7431241095562879,0.5386281655409713,0.7088272990549851,-3262.375568446637,0.0123475721281379,9.114583338065913,0.0041044911147052,0.832353545434231,0.0836644621133743,0.1000037010469265,0.0423075126595169,-0.0201902074007618,0.0107233964715968,1.9634178825718185,,,,,
st52,base_tz,0.7920105311994793,0.4713175164934269,0.8168711163160058,0.8907770526904172,0.1135435781776708,1.0005898254194971,0.6756107314477438,-3826.869850895844,0.0969748510993482,,0.0033082460383545,0.8323535499225503,0.7777482335769894,7.503265726027486,0.1000000001691363,-0.3391654177280561,0.0821655666912886,,9.114583333467086,-1.5246048893751756,,,
st52,filtered_tz,0.7995077995434783,0.4627449084153751,0.8363673309505506,0.8943640197650475,0.3100647781472468,0.8827374370099546,0.6979495084609904,-3918.7426960398366,0.0150764815115142,,0.0056195700663405,0.8323488470918413,0.1662403720955221,0.1106871078816436,0.0103809875212429,-0.0560120144656112,0.0141781190161745,1.9377106833011144,9.114751364155126,-1.6564112127228767,,,
st53,base,0.7761031645860643,0.2911099515583853,0.8157617609368093,0.8813645725391948,0.594061634420137,0.3313637070571237,0.7129100200214795,-6292.953397513164,0.0047025017476688,20.62556724596504,0.0005001367920866,0.1309873798616846,2.093178045453392e-24,2.8842066990679944,20.72955341720669,-0.000823633292774,0.0022269090445465,,,,,,
st53,filtered,0.776103165037699,0.2911099512647783,0.8157644894271798,0.8813644631178963,0.594058284424013,0.3313650743396206,0.7129118924228863,-6290.953402671032,0.0047024427813071,20.625544846953108,0.0005002386371982,0.1309888398640668,2.7119657595510713e-30,2.883512630292626,0.444187094330037,-0.0008237442956672,0.0022269608521698,1.625938985418468,,,,,
st53,base_tz,0.8584210778879008,0.2314900747471552,0.8889805214231474,0.9265827961350916,-0.7575995418070027,0.6895009296952583,0.6249936036789527,-7462.898284110989,0.0060404532796092,,0.0004778683596876,0.0850780711250142,0.0002882014397361,3.578063333159584,0.1332727124522008,-0.0002431178349405,0.0039978958874792,,19.524217476901025,0.1260701191650078,,,
st53,filtered_tz,0.8583819050324251,0.2315220975226449,0.8891603429311614,0.9265582989026864,-0.7580244107839371,0.6895842620602335,0.6249327998857592,-7460.190896772499,0.0060407845199075,,0.0004767023779742,0.0849987451112675,0.0002855422529257,3.591832691464992,0.177768904531961,-0.0002405202133199,0.003999137932165,1.998952310501948,19.524157612701742,0.1260392466338183,,,
st54,base,0.5318876454594497,0.5323926910837822,0.5271370699917091,0.7428887427633235,-1.581538496140939,1.135700618111117,0.4296795501245162,-3205.7322309596743,1.1153917919045464,15.470322885922476,0.0061965848229115,1.294471996996765e-15,0.2387579645912635,20.10923103734233,0.1000000000000217,-0.0884076057579525,0.3878366215624277,,,,,,
st54,filtered,0.5308958061995894,0.5329564110493954,0.5268265747155261,0.7420180611793807,-1.5820342676355588,1.1358096656739725,0.4291853460953397,-3198.320175573451,1.102288558848197,15.470322946498966,0.0061728550320284,1.4982739364111666e-05,0.2359599969093851,19.94398601911173,0.0103356235470596,-0.0891524828308581,0.38184998363032,1.5062431469275144,,,,,
st54,base_tz,0.6057517066951594,0.4885870412000159,0.6207112055703834,0.7844489551059854,0.2571279880771607,0.6092303879903352,0.5284862287756493,-3642.8393053754658,1.0441561002082766,,0.0061220786229186,2.510985597321507e-09,0.2667250246335782,16.719108695517303,0.1000000005744239,-0.1447597668811705,0.3062600513222033,,15.470322885930743,-0.1295660360760185,,,
st54,filtered_tz,0.604744220446407,0.4892109255094413,0.6203421903576927,0.7837040546037962,0.2565375258935959,0.6094724593341353,0.5279405414122031,-3634.31332577642,1.0300183009259771,,0.0061037284217697,2.5465940154917558e-21,0.2631165113969953,16.542374883095437,0.0464350673944646,-0.1447701622383703,0.3003113844996871,1.437521383929702,15.470322885922476,-0.1295689965339467,,,
st55,base,0.9695955719567442,0.695217365217247,0.9782052282864804,0.9846804747797496,0.9609224824891556,0.8486518448941064,0.9608427965004784,-1841.0961358679283,1.1616529963595352,-5.837979588871208,0.0077875234649208,2.0449850792430437,0.1298435354236753,5.701232515639478,6.9408763143503265,-0.8862677359043459,1.4894551640635263,,,,,,
st55,filtered,0.97087728467153,0.6804059847348293,0.9791065959535622,0.9853310819283528,0.9666242692999072,0.7842986505460935,0.9590391908783438,-1949.2255939382776,0.3865285344299877,-20.881312368229096,0.0105984290487688,11.14106593189967,1.198202782411171,7.030596741480716,0.0467347388825401,-1.0007519063909136,1.8272364920481237,0.1203448657461015,,,,,
st55,base_tz,0.9736679699309224,0.646985225973037,0.9815724281873758,0.9867463555277552,0.967685363610844,0.7717305864719589,0.9634760427433502,-2206.7983244369366,0.0286790773582243,,0.006162988504925,1.4346338949931837e-15,0.0929563403829936,0.2664522932036572,0.1000000000001919,-0.0965374861955532,0.1332190302534174,,-22.014431188932736,0.0688955886817499,,,
st55,filtered_tz,0.970880145795006,0.6803725611112077,0.9790982889187856,0.985332536923751,0.9666370699482898,0.7841482344526329,0.9584864474921022,-1947.4768154346143,0.3872761014987709,,0.0105745134429596,11.141065931877868,1.194076453763521,7.031620961493913,0.0528191622432603,-1.0051081306405305,1.8268779142981395,0.1206129091287667,-20.791739300177667,-0.0153615212514355,,,
st56,base,0.8160690767361711,1.866655587693155,0.8731933115007555,0.9040074592152282,0.5220858278962407,2.8207757804037974,0.8933418286274792,3167.452694653983,0.0026073106415097,59.85101990085753,0.0021065167038486,1.8681404624393585,7.442166560898661e-12,2.0735622423978777,0.2522756334656681,-0.004389029386471,-0.0504950452755647,,,,,,
st56,filtered,0.8160690762568006,1.866655590125644,0.8731926595328628,0.9040071177461708,0.5220919698041353,2.820757654763558,0.8933398191596642,3169.452701229561,0.0004018381691936,58.594562885242105,0.0021066764176909,1.8681244339507397,0.0022053726497098,2.0733353377357875,0.063077993004422,-0.0043891502073389,-0.0504951694946774,1.9831070292428936,,,,,
st56,base_tz,0.8637759114105356,1.6064372822787023,0.8988860360519827,0.9294997501078044,-4.625867808449229,9.678061399796317,0.5002417361528974,2411.899161685385,0.001364453313586,,0.0007908376443726,3.105979157481167,7.2092880297172e-05,4.318707178057053,4.409000997292868,0.0031131992550945,-0.0534809207283393,,71.35825333483547,-1.9994275193490103,,,
st56,filtered_tz,0.8604575094764575,1.625885860352819,0.8962395451656211,0.927732987672634,-3.3222944767002245,8.483025790288625,0.6052223655293537,2474.622489739236,0.0012395213887732,,0.0015297915176534,2.9607670353948863,0.0004486183728544,2.1953291896029836,0.7999999999999999,0.0015446343642991,-0.0517579891756231,1.994764441276096,73.95780144970273,-1.9999999999999496,,,
st57,base,0.9046389989612418,0.2923153234601108,0.8996848959168755,0.9520000465459878,0.3875712048985547,0.7381005049521406,0.7906282536567362,-6271.822051512054,0.0050432995877051,27.211666666666673,0.0002405603562186,0.2385835993500566,0.0011042444525825,9.470138350733995,0.1,-0.0035482123949606,0.0013079701211716,,,,,,
st57,filtered,0.9046029519617212,0.2923705666655515,0.8996307379673543,0.9519826412854944,0.3872007965381683,0.738323679689661,0.7904093591391557,-6268.855673638956,0.0050467887439096,27.211666666666673,0.0002427717108856,0.2385698583996592,0.0011058374050491,9.380785699764884,0.0275535940312001,-0.0035620760367113,0.0013035337879922,1.9995824453684417,,,,,
st57,base_tz,0.9301289537269368,0.2502158430648655,0.9080442611618236,0.9659470046001551,0.734582300231992,0.4859064252918748,0.7329728407000818,-7065.095981953484,0.0066514079784286,,0.0004501732155768,3.72597443920243e-19,0.0023952485403679,3.0500540368112135,0.1,-0.006180321795271,-0.0009109077369975,,27.211666666666673,-0.1295381088547949,,,
st57,filtered_tz,0.9300909079565932,0.2502839568220327,0.9080692688277668,0.9659237533272472,0.73421053447337,0.4862466063711028,0.7327818343759616,-7061.704038314816,0.006664695274018,,0.0004538836157805,8.751176889180162e-16,0.0023989182678192,3.031486407835163,0.0385021758798137,-0.0061732611117414,-0.0009180176382308,1.9983483171761829,27.211666666666673,-0.1293942430237101,,,
st58,base,0.8340257970591491,0.7288179308939504,0.8738941228621581,0.913262856603598,-0.0064139634518678,1.529360205375474,0.8136927323483968,-1593.7184217571516,3.1395889019486893e-13,-4.387851453442821,0.0056173337686173,0.6198818666172359,0.9212995355385272,29.999999999989083,0.700692545498749,-0.1622124333439812,1.092210642487026,,,,0.3340694384691502,-0.5618184626533963,-20.15025181733076
st58,filtered,0.826762597255208,0.7445940904015763,0.8676098830802639,0.9092829836395138,0.0052034947518091,1.520507560844364,0.8111058211669504,-1482.2007010926754,1.0014477185480297e-13,-17.072492499999996,0.0060860962192687,0.6198818666560679,0.8732202142076847,24.414301448722515,0.6844059832664872,-0.1986887740005579,1.0264769171192956,1.588525633181195,,,0.3202373271782784,-0.5618184704166459,-20.150251928015983
st58,base_tz,0.8355714153479281,0.7254164711162122,0.8754171945821821,0.9141063757078952,0.2414974400331228,1.3277000879816565,0.8253870329343713,-1615.6417961483196,0.024748788179129,,0.0060450646233934,0.6198818666560754,0.8991522028525745,29.999999999999996,0.6949250849830294,-0.1321111284207023,1.137864553340891,,-17.136374999999994,1.9999999992899735,0.3350611159345996,-0.5618184704168087,-20.150251928015983
st58,filtered_tz,0.8287107472279021,0.7403955681074522,0.8692876350038752,0.9103522025421348,0.278276222321192,1.2951109205583864,0.8228544741539346,-1509.1184785340447,0.0289219756405526,,0.0064372356522168,0.6198818666560754,0.8841159916543255,29.999998946031592,0.6754677620585593,-0.1115662980936926,1.1766064350167862,1.5575862271231404,-17.136370951343157,1.9999999762709253,0.34308190748026,-0.5618184702958978,-20.150251928009972
st59,base,0.8767588396814314,0.8211218390258408,0.9092911461071784,0.9363545505266602,0.8983758130461885,0.7205542584057936,0.9088442275338986,-989.492269772456,1.1722015115646152,-7.965969632497436,0.005300008107645,2.0743073889605337,0.1255926436129914,29.999999999999996,6.814248051377032,-0.0819383401433813,0.5142354023234919,,,,,,
st59,filtered,0.8742268852887758,0.8295138121654028,0.905558344403301,0.9350078268072962,0.8958069352167568,0.7296045832994266,0.8991209875568542,-935.5121295306438,0.5803949617204893,-20.191556771872396,0.0072796038446116,2.0743073889605306,1.017635154235997,29.999999999999705,0.4019183155155925,-0.1055872279535275,0.7364070473114868,0.1441844627314938,,,,,
st59,base_tz,0.8834283459170765,0.7985942763210601,0.914459086529241,0.939909054647299,0.9008256008370364,0.7118163121182748,0.9143972507022076,-1129.7003097695865,1.2744504670327026,,0.0054697015262597,2.0743073889604093,0.1335020582613601,29.999999999992436,7.246563683912358,-0.0083618870391202,0.4750948862054397,,-8.141020151597445,0.1091027236329317,,,
st59,filtered_tz,0.8795437569666384,0.8117912587076211,0.9096441907233436,0.9378463946987772,0.9104364855512912,0.6764468995548398,0.9162382765100616,-1043.913560881076,0.4860625022163913,,0.0097918789987354,2.074307388960468,0.924282410192248,8.617639944049365,0.5265985701205845,-0.1772169012276621,0.2147910094267029,0.1222128226963792,-20.191556771862217,0.277356342056902,,,
st6,base,0.6989580446801671,0.5958301826091225,0.7312005835264799,0.8376451684556162,0.7891817179533163,0.6463179601599197,0.7143345988594857,-2630.027057360882,0.0635301933856987,0.2694298226382852,0.0061866969806349,1.4156101892623532,0.0287944075923509,0.5549333124840252,0.1000000011592726,-0.0175234530123635,0.0017569371019851,,,,,,
st6,filtered,0.6965027509390816,0.5982550394597732,0.7285735499077407,0.8362287103545492,0.7853107840069504,0.6522246441481624,0.7126132972114532,-2607.2567894582826,0.0633478960823139,0.3864473460475756,0.0062752897142742,1.415610189262091,0.0277258949153015,0.5475423271577007,0.0280798318359099,-0.0174208147136324,0.0020413119660182,1.9888042049721224,,,,,
st6,base_tz,0.6994727857843845,0.5953205700849027,0.7323476822473487,0.8378904014481132,0.8011839367961242,0.627650421007734,0.7242345312229875,-2632.4029243147097,0.0637886447023556,,0.0062188247249726,1.4156101892622994,0.0319035562772901,0.5648117624285077,0.1000000000041215,-0.0173832730563719,0.0018917236471713,,-0.1777407565002975,0.0235205998988727,,,
st6,filtered_tz,0.6968350802201277,0.5979274053150115,0.7294007598509842,0.8363789115731184,0.7945801427448551,0.6379891618875199,0.7202843233450125,-2608.058236788546,0.0635591503091972,,0.0063083612887261,1.4156101892623532,0.0301365915610282,0.5553831799191405,0.0403438169784926,-0.0173129014649021,0.0021823553150038,1.9878771334058292,0.0370590965681329,0.0185627688429937,,,
st60,base,0.8247013230193458,0.9797913641454248,0.8696759142110054,0.90813085214251,0.7903814564593581,1.0420669823475932,0.8640791398993616,-86.40549966196465,0.2894728742324512,-20.427717494769176,0.0129724580574958,1.456219431625161,0.8498302849185364,22.832569694418563,0.10000002382638,0.8714941258086059,0.2875834211800868,,,,,,
st60,filtered,0.8178679810052403,0.9987054941259812,0.8643105560404981,0.9043607457447964,0.7811123836264805,1.0648572252376345,0.8577051489239783,13.37560837766832,0.29702737162615,-19.624953661569094,0.0134471545218906,1.456219431642798,0.7837491702522339,21.34930384414525,0.1950537762852222,0.7894792521089553,0.3118964437823894,1.276250380250774,,,,,
st60,base_tz,0.8516742891549354,0.901265002887831,0.8902743455104145,0.922862446527478,0.3123930091604858,1.8873434044551916,0.8164561283355317,-511.6306964226943,0.2957853034219983,,0.0125866767797974,1.456219431642798,0.7991905374102174,22.246622654884018,0.1000000000521263,0.7331706495475581,0.2806124615950423,,-17.312205659955797,-0.7121510442481611,,,
st60,filtered_tz,0.8451632226195221,0.9208340075741912,0.8852183934029437,0.9193281139085056,0.3038910774834547,1.8989756076637263,0.8115464223931068,-399.77965390256577,0.2924870424832371,,0.0127903399825871,1.4562194315340706,0.7280902065387347,20.856018141389296,0.0104694747428637,0.6489246935118891,0.2983116716254813,1.331515495224876,-17.00616355444076,-0.6753597482130146,,,
st61,base,0.8311706783209685,1.9113429965533328,0.8712926467819466,0.911701285803928,0.7749190237915192,2.4179504408612735,0.7617045079220337,3330.880571978527,0.0288187510563751,-28.984291665206552,0.0073592586526284,3.9045498359726305,0.0064697290281161,0.961132122721071,5.729997596862885,-0.0408786652503476,0.0961922434674454,,,,,,
st61,filtered,0.8249639618361997,1.9461594937973816,0.8691188565050303,0.9082819079206768,0.7911525896755104,2.3291236612751756,0.7617164485148997,3425.197506279714,0.0184064945369567,-28.984291666592753,0.006948752591284,3.985659256084627,0.0147139452074443,1.0214884709926646,0.7999999999995467,-0.0380214651821627,0.0936303031407495,1.9800462965274257,,,,,
st61,base_tz,0.8331810149771566,1.8999292505762024,0.8711678123981541,0.9128197593999272,0.8211933124636114,2.1551121681488934,0.7868790250380432,3302.2503426804733,0.0269319977742013,,0.0080107744176517,3.892716839176572,0.0056627503679018,0.7725604909867766,6.163765514915158,-0.0308599305741227,0.0919574144585352,,-28.98429166666605,0.1592324077006789,,,
st61,filtered_tz,0.825533390628839,1.9429912833179033,0.8691181413121193,0.9085969904518004,0.8074543876798829,2.23637595082392,0.7725617764852669,3418.86549093517,0.0176138269939072,,0.0073371220863302,3.972108196332603,0.0140512118106238,0.900938120711944,0.7999999999999756,-0.0326930347786425,0.0912238516475027,1.9817111630200892,-28.984291666650872,0.1276534234414634,,,
st7,base,0.9364933298752698,0.3895934114972538,0.9164384591384388,0.9689892932659604,0.8435972997524619,0.5681331598411598,0.7917352904454071,-4802.720375976426,0.0071612777835858,27.70791666666667,0.0003222615036302,4.000754183058207e-20,0.0010108200396199,14.489997556133629,0.1,-0.0045509323459457,0.0041812565032439,,,,,,
st7,filtered,0.9364636110057742,0.389684558785335,0.9166408027774544,0.9689596561464644,0.8436482440313176,0.5680406247016249,0.7918121740195131,-4799.524070547174,0.0071504739085163,27.70791666666667,0.0003227510937436,6.561602530634567e-29,0.0009962257416026,14.47854149272749,0.0501377192615314,-0.0045397430995747,0.0041811160989421,2.0017135732997744,,,,,
st7,base_tz,0.9390469248168826,0.3816802988716385,0.9029985875190094,0.9714183643996596,0.9274804988712966,0.3868614174630511,0.8472135652242027,-4905.661274220225,0.0188727317403576,,0.0002000676744737,1.3774208600851237,0.0167684660900302,28.34218662132917,0.1,-0.0085839872331778,0.011065872758666,,27.70791666666667,-0.1428148719880822,,,
st7,filtered_tz,0.9389538133958248,0.3819717134809424,0.902767856666373,0.9713845744858488,0.9275681453373934,0.3866275680382888,0.8475089218993275,-4899.758202244471,0.0193012279944195,,0.000201959077871,1.4132011908279007,0.017216298473566,28.5417766340774,0.0466624134695937,-0.0087413506862916,0.011351109545903,2.0009586325807915,27.70791666666667,-0.1429396270203048,,,
st8,base,0.828377854034115,0.284959800494618,0.8758365473678029,0.9101652830299198,0.7010235889064768,0.4237624062955096,0.6798783653395969,-6402.1522139805165,0.0071124927070964,28.69946620126706,0.0020090433113701,2.5602391600673108e-36,0.0015901604341229,0.1,0.1005695458329145,0.002270189968179,0.0011294468521618,,,,,,
st8,filtered,0.8307392611226015,0.2829925810628412,0.8768522892364515,0.9114554720866134,0.7080583248347397,0.4187472921950322,0.6763732642999316,-6435.579129099815,0.0077924658284661,28.67754005804277,0.0020864174797888,5.0794104272386184e-30,0.0018443428487769,0.100000030407794,0.0253338183062948,0.002400953698403,0.0007320745900913,0.1,,,,,
st8,base_tz,0.8307744494797312,0.2829631632495825,0.8804359348211711,0.9115167655708604,0.754558322261393,0.3839530477963313,0.710103462465109,-6436.110770305517,0.0048529291712744,,0.002182322425232,7.846642055257234e-37,3.9463183393115853e-16,0.1,1.7899860763253226,0.0004338216058367,0.0019200289583294,,29.724184433292315,-0.0816040539699847,,,
st8,filtered_tz,0.8313549614925932,0.2824774073171613,0.8783381224628326,0.9118010403752932,0.7451249149169491,0.3912619866581016,0.6837134972715295,-6442.897392910341,0.0064614111732702,,0.0021147080819612,1.7634608354971454e-36,0.0010309002506303,0.1000000000000014,0.0588020164149044,0.0015304908339171,0.0011762413681168,0.1,29.031556606867625,-0.030857612113869,,,
st9,base,0.8646619987695412,0.1831784684965055,0.8507566522537116,0.9322341513578885,0.5960531299071694,0.3748889921112723,0.6993912033225629,-8661.963375911746,0.9297746545321894,23.326250000000037,0.0031187480965306,1.0718000771544165,0.2886646238164198,29.99999999999862,0.1000000000000226,-0.0734999976636076,0.1038524316658476,,,,,,
st9,filtered,0.8619343406464504,0.185015187519297,0.8509374767155019,0.9305769688828948,0.5959991996211023,0.3749140166842004,0.6996265869311923,-8608.940992205966,0.913562296726353,23.326250000932266,0.0030810219454396,1.0717993519128255,0.2834139775290341,29.999989644468094,0.0102274123242403,-0.0710697999580143,0.1023979512035826,1.5066140627793347,,,,,
st9,base_tz,0.8789513866967377,0.1732385156384038,0.8713726731460595,0.939034384135755,0.787154817544957,0.2721275283207135,0.7105299385000179,-8945.28145067721,0.9511257315450636,,0.003129102845405,1.07180007643068,0.3178912898272577,29.99999999936843,0.100000000257402,-0.0846805412767933,0.0968219662300325,,23.326250000006613,-0.0387361045157121,,,
st9,filtered_tz,0.8759961582371152,0.1753404491477802,0.8713224962942107,0.9373107667216306,0.7854945932283405,0.2731867844925623,0.7107124985604312,-8881.605794136813,0.9279276038443764,,0.0030738402655238,1.071768319402801,0.3096331770231326,29.986078927824742,0.0109778414310332,-0.0809955148006674,0.0949093297269985,1.471031719526597,23.32626594985214,-0.0382765814373457,,,
