st_id,gw_st,ups_id,rf_id,group_name,rain_lag_days,up_lag_days,model,rmse,r2,kge,rmse_val,r2_val,kge_val,kge_r_val,kge_alpha_val,kge_beta_val,bias_val,aic,a,z0,z1,b,c,k_link,lambda,tau_rain,tau_up,d_sin,d_cos,a_std,z0_std,z1_std,b_std,c_std,k_link_std,lambda_std,tau_rain_std,tau_up_std,d_sin_std,d_cos_std,z,z_std,k_sgd,gamma,h_sea,k_sgd_std,gamma_std,h_sea_std
st1,7010211,st44,rf6,inland,0,0,filtered_tz,0.6676518086154223,0.586348044725324,0.6232554465366796,0.8951406398828317,0.4676131642463089,0.4323110317969103,0.7055079894384176,0.5618230008381593,1.208677113599958,-0.1194675908476572,-2043.9971170376723,0.0543140314850946,-4.299166666367228,-0.292810693435857,0.0031224375542556,2.276072727247845,0.0133571459569249,1.946678878680842,1.3382050433434356,0.7999999967497979,-0.0298418454237111,0.0297623917475139,0.0071396387575344,0.6616295786021312,0.0366418635332346,0.0005050227976062,0.1506272359733906,0.0060032337456192,0.5194336915213742,0.3449096328133571,0.70880496513089,0.0018834593061332,0.0024883417936123,,,,,,,,
st10,7220211,st13,rf3,inland,0,0,base,0.3933564279650802,0.7280649946394734,0.764275844286148,1.1081192861385547,-1.9647654984861735,0.5966281569086044,0.6370720704310945,0.8355457991820592,1.0628249756952557,0.9826171061479004,-4753.562145333088,0.0031034770092021,,,0.0029099698390575,0.1223855670522537,2.6046911831152116e-17,,0.1000064146938413,5.623183556487242,-0.0001799055806881,0.0054705924889542,0.0003239461812544,,,0.0004614597685072,0.0223898917147564,3.816647417884138e-05,,34.979433735852346,2.0905670778996598e-13,0.0002093192223286,0.0003029874886676,13.330416666666668,1.165102431501133,,,,,,
st11,7230211,st46,rf6,coastal,0,0,filtered,1.5485014978021745,0.5226278798914303,0.5822541058469688,2.438314124083745,-1.5550394012444877,0.5895511782111669,0.8469303790334801,1.0478719638944118,1.3778176829079063,-2.2789425171619673,2262.2892348502105,1.1975465671673298e-11,,,0.0087476817329083,1.7399688638577782e-10,0.4481548044132141,1.9423472631514904,29.99999999999982,0.7999999999891537,0.0742257994044041,0.1017728129496583,345741.0788349877,,,0.0020206905249623,1.6361304617468275,0.1719995817359,0.1091945150575924,3.1151786757076314,0.656900591579055,0.0611958002047662,0.0710819761773345,-0.9995927995044748,0.0040061316940181,0.499999999961682,0.4151359033102939,-17.86658118883524,345741.073354233,1.180697695336394,11663221.5294255
st12,7250111,st10,rf4,inland,0,0,filtered_tz,0.2883155449172675,0.7760250642085317,0.8227941215248659,0.3773797725976551,0.4903129863321606,0.891516170847046,0.914833898907552,1.0633603246147825,0.9776181842312196,-0.3011385032967038,-6338.280554997048,0.0063562822298047,11.610151048606133,-0.4383584172285971,0.0015183904257391,0.3193106782804252,0.009528665940069,1.9914187341068128,0.1000000009606239,0.3171446340203177,-0.0021793919684762,0.0015187919416771,0.0023179541439628,3.9280398661956486,0.1537447199882673,0.000400691314638,0.0659141296594753,0.0021776772362923,0.0681628731578775,58.285046035780006,0.5144026928832032,0.0002206380240904,0.000298132889079,,,,,,,,
st13,7260311,st51,rf3,inland,0,0,filtered_tz,0.2794317955474367,0.8450456749292237,0.857216195900822,0.4915472834864302,0.5129305567313089,0.7108747127418815,0.8335258563888699,0.7640003047035955,1.0135622660729908,0.296317779748275,-6498.334858732453,0.0038877052084159,19.951250000000005,-0.0433838700428662,0.0016730000646559,0.0955463911717912,3.0379838750387396e-37,1.772988276976049,1.1485311050825298,0.1900342907944652,-0.0033032271625737,0.0040123185170917,0.0001485165077734,0.2815880978554821,0.0115933303379121,0.0001866662117605,0.0264202327396429,0.0002308379111298,4.755996213181051e-17,0.206913358414213,9.467609540869928e-17,0.00016743698371,0.0002476440005582,,,,,,,,
st14,7260511,st27,rf25,inland,1,0,base_tz,0.3091045777450056,0.9765961654775404,0.978880192178703,0.297868191848693,0.971820952137598,0.9230419538543264,0.9881351878193592,0.923969622157575,1.0010717945772654,0.0385905697626256,-5981.874569633382,0.497178406310293,33.18750000000001,-0.0926395752691386,0.002015349716577,0.3667797195671848,1.059208342327343,,4.769522215266449,0.1000000000000004,-0.1751674898076467,-0.2023469093389438,0.0471340531381433,0.4582870412389054,0.0134920932877801,0.0002968451496506,1.278603840654736,0.0994085481833699,,1.180196973111976,1.3994214879839788,0.0280258273007546,0.0247703684593205,,,,,,,,
st15,7260611,st23,rf25,inland,4,0,base,0.7455972040062853,0.9029962855542218,0.914645834770365,0.911818615694336,0.8172244134115759,0.881693489271885,0.94428518143603,0.8968047085793,1.0155891405036417,0.5730664883051517,-1480.9672232013777,0.0082547013065772,,,0.0021067683468756,3.717510747320864e-07,3.1503947903722346e-12,,3.095126139962556,0.1001558773861722,-0.0017244497792084,0.0008549542273058,0.0002074473045785,,,0.0001642482609061,0.0173907766801819,0.0001530580827467,,0.2969402208971726,7.327860939205986e-16,0.0006015240529674,0.0008313995828284,33.340166720958266,0.3549865464761523,,,,,,
st16,9020111,st23,rf20,inland,0,40,base_tz,0.2556481269049059,0.7441897205892987,0.8053573089928072,0.2809206315697916,0.7146146001738127,0.7345434375559148,0.888503832630307,0.7591122767705244,1.0029826169414566,0.1267329691923038,-6846.140833054361,1.2615512256465715,42.15049354180567,-0.0036829964558227,0.0030651904770209,0.5139874362792884,0.0199157139944744,,20.33462276274731,0.1000000087939307,-0.3191241717286021,-0.1729324841598448,0.1018718796771743,0.1435442510038245,0.0026936748850194,0.0002449990688657,0.7621563873615668,0.0053128002934242,,1.0079907281367022,46.0301994808418,0.0289810258023834,0.0220815299781661,,,,,,,,
st17,9030111,st57,rf4,inland,0,0,base_tz,0.5554001912751226,0.8075892387225113,0.854224399257559,0.792004943081168,0.5713256390452084,0.7187807066480179,0.7756403484015586,0.8311314513402437,0.9848193886301724,-0.1995504610612783,-2987.3713635970685,0.0055025438579795,10.130000000000411,-0.3537401098728572,0.000540767617316,0.0999999999999999,0.0011277345787827,,7.535261042116629,0.100002381162195,-0.0167335595621432,0.0090949655874746,0.0027899371701118,4.899499285725766,0.1775690389270814,4.528109442605216e-05,0.0483523928074776,0.0027853135769113,,0.7336852644764382,529.5296919110064,0.0003657915065193,0.0006362924582591,,,,,,,,
st18,9030311,st54,rf22,inland,0,0,filtered_tz,0.1820982602384301,0.8880654996178479,0.9005010800788268,0.5015472699779443,0.1638218195971768,0.7633063576302188,0.8905740424260776,0.7926478582520404,1.0324796776436913,0.4317744867935946,-8688.210039335541,0.6972865496285272,11.85583382404317,-0.0283328030553671,0.0016541122063149,1.4093232460717948,0.3887696670232122,0.4333678067155646,29.999854536268145,0.0102059966651474,-0.2870837465813415,0.1080214673592606,0.0755282099892316,0.0717284498443005,0.0029573361968118,0.0001821157161898,0.423460760140067,0.0444288001694706,0.0405965135737501,1.7238430994881346,1.7996421365488505e-15,0.0318099408659718,0.0148444447765191,,,,,,,,
st19,9030411,st24,rf16,inland,5,6,filtered,0.5419328086966122,0.8924823729761746,0.9216262080359106,0.5461362590506319,0.9049306192697636,0.9018445544813548,0.9601126331479234,1.0896424825332736,0.9972224514687748,-0.0183790197782611,-3105.552824059763,1.149074224892788,,,0.0022386191287193,10.58446139356653,0.5543186894211704,0.1,29.999999999999996,0.7999999999999999,-0.1918896032407683,0.5174362878524227,0.1417657142069155,,,0.0003818286917291,22.982022111326245,0.0721340154949103,0.0032045909696136,7.967401673898691,0.0690208631148065,0.0462417003671381,0.07773854764946,4.438579341532806,0.1030116768431185,,,,,,
st2,7020111,st6,rf6,coastal,1,2,base,0.3364833260498719,0.6501671063917942,0.7247108305202354,0.4629212629976691,0.5204330216271846,-18.828697129069937,0.8822747994297139,0.852364445381772,20.827798020873363,0.3389359442436315,-5541.846146245609,0.6849887771602078,,,0.0019438691984052,2.138366878467159,0.1544523517411453,,29.999999994470524,2.205124791386654,0.086739042406843,0.0489656975477851,121277.77889327492,,,0.0003834468892649,1.8645601604640272,0.0261772448398996,,3.774725072803168,0.306789780480866,0.0237213237691346,0.0205289445021387,1.7788372745548668,621074.4761898912,0.3676362003717468,4.491665391177484e-09,-5.222600937160633,121277.77807299538,15.15264847928606,1611695.0405389946
st20,9050111,st52,rf4,inland,0,0,base_tz,0.6320820912082893,0.6770853823075937,0.7270515629235725,1.9076465877477853,-1.2417997784769472,0.4765143518901397,0.668823311294555,0.6991484484989186,1.271749091248691,1.6554347700611984,-2325.9759148317,0.6513127513738336,4.053333333333336,-0.0288933656548261,0.0050766728396652,0.6224799324117558,0.5801303285624636,,7.365789282223548,0.1000000000001801,-0.7080159857940553,0.4608478535294185,0.1055328345036376,0.4737176633241999,0.0139889859561614,0.0006554089313372,0.2053493509577143,0.0606219386912149,,1.165308590857231,16.536447300812423,0.0849736173747226,0.0619804110674164,,,,,,,,
st21,9050211,st19,rf19,inland,0,0,base_tz,1.033170565453465,0.9023299310227286,0.9209990345352044,1.3233137750218518,0.8427301636791723,0.7818047153814853,0.9562098234071302,0.8529859501984214,0.8448276061128821,0.8238226364768382,186.88154697854884,0.0404670139344306,-14.939333333333332,-0.150677744888936,0.0018261208925713,7.02359616816741,0.0380648197165987,,4.957430768699245,1.675819722071212,-0.021305280837997,0.0518659700733716,0.0097366608681445,3.6997351556004023,0.0414776859242909,0.0001839574381726,0.200113334050088,0.0098575375081064,,0.6795152033814212,0.5772632760568644,0.0034247489252263,0.0038952997868214,,,,,,,,
st22,9070211,none,rf25,inland,7,0,filtered_tz,0.2962794188083984,0.9679235211220246,0.9651340945350544,1.4987110430010004,0.2575372826533117,0.6523683707376462,0.8930649056976111,0.66972548897187,0.9817960818704474,-1.2177098586104194,-6181.90666608944,0.0014462610438466,59.92236675560507,0.1729799363833936,0.0003192212261503,0.3698521172202529,5.383395342762277e-05,0.4492747711639845,5.581337624101007,0.2637888530493699,-0.0139635917047344,-0.0079401450246948,2.035559151693663,4166.748879914121,243.46905506742837,2.9100189497450943e-05,0.0158714618644186,2.0355518565299335,699.5712420777927,0.5612032471745554,2562.9577313818263,0.0002075408233174,0.0002110790562509,,,,,,,,
st23,9070311,st56,rf25,inland,3,1,filtered,1.0687481146057407,0.9503065202335133,0.9500848666064836,1.0215885349500236,0.9533006714081246,0.931808759190998,0.9820176930013192,0.9346343812015364,1.0073496827938653,0.443792650996258,359.62058731126064,0.0106014990590795,,,0.0005463551535471,9.181824626588137,0.1434561937052425,1.931343196511183,29.99999468263108,0.0106704553102622,-0.141280933671111,-0.0360621057707288,0.0022993751720822,,,5.214152521236635e-05,0.8819862336590744,0.0111604814757523,0.1003213796358335,5.517472471621214,0.0,0.0114537635764272,0.0111784845188362,48.4430294791426,1.8499334900742148,,,,,,
st24,9080111,st16,rf25,inland,0,1,base,1.9984203665555509,0.640205702978226,0.7135896714690841,2.227032973566218,0.7140694712038698,0.7153493300948909,0.8524194301164991,0.7589018147532877,1.0334311881486509,0.2568675089291616,3557.329248638855,0.0506253166823482,,,0.0010995979621107,5.162924534600956,0.0019440506275184,,11.924074741280847,8.372190426268569,-0.110397108090882,0.1072982857137109,0.0037486087011794,,,0.0001126108924944,0.2892223601575008,0.0011211441630742,,1.9324180521427965,2.6215329599191053,0.0065054195776079,0.0109566074971309,-2.8797916666666663,4.488292401574053,,,,,,
st25,9080211,st22,rf19,inland,0,0,filtered_tz,0.4483190788706339,0.6094465658055965,0.6673264053807659,0.5612849945691576,0.4558673377768483,0.4738524553121551,0.7071962369328845,0.5629534208975912,1.0093532245598025,0.1165284562244757,-4080.7068603342377,0.0824131256794044,10.958146886500392,-0.2231427305305562,0.0039123266382997,0.7997095390628232,0.0039102601628843,0.1000000000003712,0.1000000012408447,0.7999999998973477,-0.0202060592898699,0.0051344616392866,0.005974884678766,0.626010921601987,0.0090564507787516,0.000535235731554,0.0800776034976928,0.0011684418116788,0.0498494405259055,32.104529532980614,0.2601513421873628,0.0022025129379417,0.001642339290466,,,,,,,,
st26,9090411,st27,rf25,inland,1,0,base,0.5838770550115576,0.9184869440210672,0.94087627720193,0.5527042189359251,0.9157209663723652,0.8778191196989255,0.9598993287897596,0.8845874080420827,0.9998068751984144,-0.0070903140961959,-2732.5874649289735,0.194337494115238,,,0.0014754265998726,0.3759972619878687,0.1413661153373988,,29.999999999999996,0.3842328365254562,-0.1850948232335562,0.1103240643913025,0.0270293494749403,,,0.0001230507114933,0.4605562786126302,0.0184628447183553,,2.529917936254229,0.134617413633234,0.0212654846872316,0.0178859471369065,32.83250001490406,1.7428479428601096,,,,,,
st27,9090511,st56,rf25,inland,3,1,filtered_tz,0.7901497300666154,0.9179642250635576,0.9357163492086328,1.299048626229218,0.6769767128707509,0.9055842909740844,0.9302360627017168,0.9420635181772142,0.9737191469410608,-0.9916177592082392,-1181.101643283236,0.0891008585548322,34.10775000000053,-0.7757295448263655,0.0011015950727396,0.633475433295196,0.0290705770217508,1.957336424511472,29.99999991166164,0.0139672318397333,-0.0821672421658109,-0.0121346360213343,0.0082362425284651,0.3109807473711222,0.0177548774390787,5.285249094225691e-05,0.2952311934802632,0.0028137741170707,0.1836295124943115,2.392247373407181,3.710554658203004e-17,0.007670595811037,0.0064976101284625,,,,,,,,
st28,9110111,st29,rf8,inland,0,1,base_tz,0.5501296356108603,0.8120669895422914,0.7367232470869023,0.5944365771952805,0.769150645595049,0.7076102264296351,0.9186780988969954,0.7203609220612891,0.9739133333077996,-0.2330712432123896,-3034.9379857613694,0.3531088916012888,4.9295833333334,-0.3287232365775064,0.0040995845191082,2.2630781975609655,0.4879406285608078,,18.400542891086825,0.1000000000006347,-0.1306704482789159,0.5405926187568632,0.0681022237747704,0.6925995378094707,0.0396056330912721,0.0004487570653066,2.7217450662243268,0.0657771071180009,,1.379897677493905,17.636736146703008,0.0195752061375216,0.0736511559385356,,,,,,,,
st29,9110211,st54,rf3,inland,0,1,base_tz,0.3516481269425384,0.8615426993435871,0.8464735907736161,0.4002633638583135,0.8358219658405805,0.8040185768582571,0.9291831264443262,0.8174975954276444,1.0093038143667448,0.1213306308213457,-5322.675128807562,0.0357346405714435,10.012500000000818,0.2280730913828182,0.0001802810735248,4.9248569969475575,0.0515361629616734,,29.99999999999787,0.1000000000065298,-0.0297660134360063,0.0401952948478525,0.0083393265886889,2.198124581253902,0.0537581258393519,1.4108462539366832e-05,0.1397288834052593,0.0079288520315639,,3.4806353464185844,33.63928041279472,0.001251822164014,0.0023199945200997,,,,,,,,
st3,7040111,none,rf14,inland,0,0,filtered,0.4576481944141468,0.1816225391804651,0.1811708411856404,0.4693648746856098,-0.150384012415256,0.2800122386561873,0.5018318988105277,0.4879675077426876,1.089630610367866,0.2774704907261958,-3977.3812382997585,0.2271903418855674,,,0.0032988276497095,0.0999999999945248,0.0499999999998977,0.1000000000007796,0.1000000020348817,0.7999999999999663,-0.0058247637536895,-0.062564760181813,6.742939761583508,,,0.0006999192712369,0.6988390403183519,6.749962911547268,0.3570388890071409,64.67797806312015,60.204774379023206,0.0045056967745812,0.0189214385671641,3.3760944974428977,32.65298205697075,,,,,,
st30,9110311,st29,rf8,inland,0,1,base_tz,0.3678570423487652,0.8986457406072874,0.8013611169219576,0.4634688688066716,0.8562046764019002,0.7450368897441926,0.9654656278329122,0.7481487017911004,1.0196083737426638,0.2070297720647378,-5092.31126030617,0.2494362044492189,7.227500000000002,-0.2909770698606836,0.0017281217546021,0.9047406752559084,0.6149856014965965,,23.49384636227535,0.1000000000000016,-0.2173690890080039,0.3719656047077909,0.0446620611365813,0.8359168194529635,0.0351819067080522,0.0001696089930437,0.693623097450856,0.0607306638151339,,2.47226379644202,9.658418239268835,0.0223608650508064,0.0432818743051645,,,,,,,,
st31,9120111,st52,rf4,inland,0,0,filtered_tz,0.7058054664919903,0.7959037845262142,0.8264021085559634,1.170330575062371,0.215797393112175,0.5464143198539886,0.8096917128684213,0.92078535987445,1.4040393122857526,0.8640580130079503,-1759.7974943363197,0.4793982432468649,-0.2691666666666666,-0.3762055812482197,0.0044882595881489,1.504214735888163e-13,0.2002538997051327,0.1000000000000001,29.999999999999996,0.7999999999994079,-0.5284441017480205,0.2849433915294112,0.0789251763413445,0.5508641826857182,0.0164247501001086,0.000654256540097,0.5203398007338954,0.041446430699363,0.0173004012460137,2.025217494595151,0.1314331325409481,0.0820744814642694,0.0536159564832947,,,,,,,,
st32,9130211,st31,rf4,inland,0,0,base_tz,1.22774517040523,0.8183990764310438,0.8297017057346453,1.2244446107493614,0.8054159632084221,0.7821595784587614,0.90404840087185,0.8052054808284359,1.0174021602893004,-0.1277350476359471,1069.286900484074,0.0443952710530596,-16.741916666633582,0.3868086757351203,0.0157562597301552,1.4425836545571196,0.0296887198966795,,0.100000338602066,2.0378693805474475,0.0200987175898585,0.0799566251257619,0.0124330040812932,4.50855137301559,0.1092780946598392,0.001756380924808,0.0703224408343528,0.0114070479821271,,26.13632128948124,1.0253400028069084,0.0046060380716514,0.0049073021679496,,,,,,,,
st33,9130311,st58,rf24,coastal,0,0,base_tz,0.7371345703872474,0.8856381998604249,0.9160646676779646,1.3543592800290605,0.6289744671296115,0.7577973410206593,0.9324964898441592,0.7814144875388094,0.9204652410867944,1.0375535900798507,-1533.6923252324293,0.0072634893838764,-20.43174997448875,-1.9999992452204056,0.0045178021976163,2.7179988240808254e-16,1.4194231171489735,,11.566471155727513,0.559792986510144,0.2120143870059234,0.0186183300083221,1821.0790369396725,5378851.138165379,501433.4494244401,0.000500609809229,0.8288174898554476,0.0473670260516361,,2.132328371908073,0.0471212635716429,0.039174449277983,0.0524443814069367,,,0.1195656274828585,-9.930130525325178e-19,-22.952255743968003,1821.0787508567328,4.78547352314656,347032.17201905296
st34,9150111,st52,rf19,inland,0,0,base,0.2394087353496766,0.5888054926084085,0.6710065233073035,0.2305366608907293,0.4891797115271719,0.5228516218487985,0.7051358111880893,0.6248715394848474,1.0020791921862688,0.0128798565245213,-7292.887451835186,1.3246556740161597,,,0.0035632472387517,4.4281550711742444e-14,6.767390652875329e-16,,25.4210194098517,12.528440269053592,-0.1579987725254343,0.2268446030594913,0.0986888761525332,,,0.0002657317691896,5.376530896512779,0.0005351746545194,,1.163295827089504,7.887875163815695e-16,0.0162827217939021,0.0215284868106554,5.99620126846183,0.0643341537724103,,,,,,
st35,9170311,st21,rf16,inland,20,21,filtered,0.3851864980201376,0.9489897688111204,0.9631574767031192,0.5197095399782058,0.9194349961078137,0.9168632089427936,0.9676421906673516,0.9282564892757216,1.0267874386875069,-0.2268158815153942,-4818.82824861747,0.0061595107919487,,,0.0019992851974358,0.1160709788345696,0.00957124195511,2.0000636598583195,0.1000000000003717,0.5644894008664564,-0.0048319375024368,0.0016922567510007,0.0031214131079256,,,0.0005393059532426,0.0184820638313875,0.0030157940729857,0.0054129102050801,59.80306180522709,0.4951856719874655,0.0003506639928909,0.0005118102667209,-13.043333333331846,6.468651837792352,,,,,,
st36,9180111,none,rf24,coastal,0,0,base_tz,0.6374265226033705,0.6670069102769752,0.7206716143120291,1.134805203834593,0.075367005847475,0.3832134692786914,0.6578868818930702,0.4995282176519741,0.8863679887893735,0.6803744186294871,-2276.9173907355516,0.0298448221807736,-2.7329643123794356,-0.1126216349248171,0.0006486625554433,2.0329339856912942,4.8751656350200936e-08,,7.584848289589933,1.4624595058795655,-0.010293631842552,0.0095979130810093,33581.303101022655,152858.84523484804,126721.45801877296,5.2990506811954064e-05,0.0942861362081412,0.0531365810007532,,0.8287887261115725,692068.9962938337,0.0008410146894933,0.0011524904267467,,,0.0008687179528743,-6.156610512457229,-2.6038797170400447,33581.29254715285,0.5453889262888603,972047.8023837548
st37,9180211,st39,rf16,inland,0,1,filtered,1.5835709346546591,0.7915792919768316,0.7912936278814846,2.0697173303236513,0.6106109079989297,0.6493081434037027,0.790470750111779,0.7194497483991318,0.98066536654273,0.3179479394416411,2369.896337358496,0.0271052515945349,,,0.0010151906433675,4.115754943394447,0.0200625192499548,1.9863256755374077,29.999999998592564,0.7999999999999999,-0.0274401010382633,0.1393546790765953,0.0290543773562567,,,5.618890873703825e-05,0.3840749350085553,0.0266214069184714,0.1095685949716524,4.355104428016216,2.188685171797385,0.0048983528969996,0.0167882734869162,-26.126624999999994,26.60210352277448,,,,,,
st38,9180311,st39,rf16,inland,0,0,base,1.1110267551952402,0.7832835533617951,0.831735174787467,1.198420141824557,0.7672615813074175,0.8214097524611357,0.903172950555378,0.8576206414744385,0.9525962313977973,0.535011147814318,556.4254057967088,0.036661537896062,,,0.0093429705466034,3.4218633687618207,0.045275385114949,,0.1000000000207767,1.2013640438516608,0.074964037649741,0.061946097398151,0.0210914216179839,,,0.0015814840627403,0.2148175269475335,0.0181272355452347,,38.922272801708864,0.8119018231917534,0.0057987215404462,0.004080412967922,-16.510874999999977,8.83049520571475,,,,,,
st39,9180411,st20,rf16,inland,0,1,filtered_tz,0.6676075952504926,0.868790057852505,0.8782722056325042,0.9362550135151094,0.7070219900046707,0.6930991674854666,0.8596906564107387,0.8632379572375849,1.2362150561651726,-0.309584002323416,-2043.527679110662,0.3192631017970889,-4.414583333316718,-0.4688495798002852,0.0043360084267352,2.5366127063643056,0.1881340177126068,1.4520998377682124,29.99999999996773,0.7999999999965881,-0.3890359568315883,0.3328469470603422,0.0475401140334508,0.5412466184309138,0.0427847106747426,0.0003679653009769,0.3717828653776851,0.0269794363753511,0.2498523337537193,1.551515623560454,0.2391602579110069,0.0350776460259032,0.0372863979960216,,,,,,,,
st4,7060111,st45,rf5,inland,0,0,base,0.2863276154764208,0.6518817257678023,0.7275001130267994,0.6268725385770394,-0.3086219458433668,0.6123141857329012,0.8486258707741119,0.6696458088590165,1.1351009695769578,0.5470992615466272,-6377.663597610673,1.183447618197704,,,0.0051554212074079,0.2893896120096143,0.1393748469626286,,10.552454054933694,0.1000000208632284,-0.1020529951115252,-0.2543159289836946,0.080073354036139,,,0.0003215926421406,1.1684499018463133,0.0260742793159757,,0.6755114449270115,38.03046154844421,0.0132256004293986,0.0218877228772739,3.978458220698205,0.0889832348343039,,,,,,
st40,9200111,st55,rf16,inland,0,0,base,1.5172027839155136,0.9128063463747004,0.933743430387819,1.1224166136119225,0.9557126329137738,0.9640392928981222,0.9839318367985856,0.9865072509913844,0.9707949951071696,0.5939780761575157,2149.8648223655823,0.0083760568394863,,,0.0083452060073483,2.6914667841281155,0.1276908978576266,,0.9599710145895408,0.4835582043687965,-0.0536061753820087,0.0987644509815082,0.0467933656790544,,,0.0014866275181671,0.2233194113563257,0.0399224384700245,,0.3229772167293279,0.5845092131217083,0.010138805358392,0.0110702893286867,-36.3179583015878,200.4812685462468,,,,,,
st41,9200211,st40,rf16,inland,0,0,base_tz,1.3371537113609702,0.9420355344662228,0.957443559655389,1.2793726994157617,0.9446676905201592,0.955670868614594,0.9746950100399184,1.034983351565162,0.9899553752796312,0.2260882725239099,1505.8382258716738,0.0196864215113883,-29.269308501631706,0.5508783610030737,0.0081246449513925,2.7514722615087903,0.1002273703024704,,1.2355933127414842,0.1000004893406653,-0.0511792268738303,0.0368687434287907,0.0255048974146824,37.09971755862335,0.7083065679696396,0.0010981217879907,0.1351726933910916,0.0227690394008659,,0.2709201637146736,54.78478481484631,0.0072010715826242,0.007016650602359,,,,,,,,
st42,9200311,st40,rf16,inland,0,0,base,1.2092542800988948,0.953754115772653,0.966568338692949,1.2527176964298408,0.9522147207171866,0.9601589602907288,0.9816703261321126,0.9747528077947356,1.024777223144716,-0.612246281192661,989.6798023305104,0.0210727592104613,,,0.0058486519149897,2.9613559377176104,0.1048073059613042,,0.6219299281954291,0.2761909818350106,-0.1118636604728585,0.1549813450435015,0.0230226487712657,,,0.0014599118415071,0.1543078625836763,0.0198584369581844,,0.3921887702170222,0.5903520065405138,0.0079577556482212,0.0100940122730062,-43.55245833331985,46.22755683419992,,,,,,
st43,7050111,st8,rf14,coastal,0,0,filtered,0.2606900867693068,0.6778740809707708,0.7419454061569477,0.3495380059936286,0.4642947604832136,0.6755522071065585,0.8037543133468116,0.7540225388595917,1.0790511821186943,0.2021923208118918,-6849.379141198062,2.206725752660863e-05,,,0.0017939510915601,0.3382970002340525,0.0036444944325555,0.1,0.357831065738222,0.7999999999957418,-0.0004217872135859,-0.0009090497862931,892.1278952523936,,,0.0003758381451881,0.0582197658730722,0.0007978689339651,0.0429223501147971,0.423728965987002,0.194034317785796,0.0003554910861674,0.00047246641032,0.6143527415728044,142392.9289646895,0.0169595183678222,-0.0066583565731228,-6.272596440549996,892.1279712280093,0.0205350029625704,362239.084251716
st44,7100111,st8,rf1,inland,0,0,filtered,0.919296762488279,0.6850568993150199,0.7227162358094184,2.120948100861745,-3.4358565713021676,0.3437618655770914,0.4486138119267231,0.6565571326653091,1.0931061627917629,1.9090728696103056,-410.324126204294,9.70102270089018e-05,,,8.612966292609731e-27,5.7784670940537074e-33,4.708729787244083e-05,0.1000000000000044,28.676672430452115,0.7999999999999996,0.0025376003295587,-0.0083634095414933,0.000986735187798,,,5.668177834070425e-06,0.0245639880972566,0.0010425027391224,7.40956973731377,1.823258828333925e-13,37.29898326537367,0.0004843853967695,0.0006680190191402,24.343749999998792,292.85237002204656,,,,,,
st45,7110111,st9,rf8,inland,0,1,base_tz,0.680686760009296,0.7303036885642114,0.768578105962891,0.7508316478307039,0.7359117570857177,0.7206030058284554,0.8692360281044158,0.7534518793022488,1.0133224692377991,0.115539696715416,-1946.3463878648329,0.0405881366919699,5.611666666666718,-0.3531276850629991,0.0039734885244066,3.7691379005262537,0.0233550539171159,,0.4968219212859934,0.1000000009061308,-0.0223555173290828,0.0343924655524141,0.0106319803950088,2.156834845223228,0.0907303073580689,0.0007614255858428,0.1682886807009641,0.0107248051827139,,0.3120870458794725,92.80131028239826,0.0016149005724828,0.002085990567878,,,,,,,,
st46,7200111,st45,rf6,inland,0,1,filtered,0.9872084030985596,0.51103714831552,0.5655514248944047,0.7060039009522544,0.7405133559464836,0.4492777040939832,0.8780945190174301,0.7475530703736617,0.5259697808824451,-0.1610071001688955,-45.81246981923813,0.2096880812967296,,,0.0022597262224004,7.197731497940599,0.0690409604932285,1.9440423379305536,29.164203262873688,0.7999999996734477,0.0611850982744522,0.2061995852710586,0.0538069581013238,,,0.0002828921306321,1.6890384758607773,0.0259356814743385,0.236015820889244,2.6940041697522092,0.6901943571421415,0.0167266043450675,0.0342144649825493,-4.227499999967175,0.7088512464479284,,,,,,
st47,7200211,st12,rf9,inland,0,0,base,0.4971456733772772,0.6279701571214478,0.6671764057069158,1.4235348081740506,-2.0772024518945487,0.4079366242643679,0.6881058059123714,0.5348046133073298,1.1919747503755582,1.290057511067103,-3556.0323819389246,0.002559500731659,,,0.0007813589551468,0.1987180432921692,9.505911446133334e-36,,2.548299469460232,0.1767714110782533,-0.0014333721728755,0.0024667628559767,0.0001844166822185,,,0.0001500761813223,0.0391268007371187,0.0001476725892983,,0.6022982678965237,2.1402047437163666e-15,0.0002828959645735,0.0004153252080438,5.276250000000097,0.5268290520865151,,,,,,
st48,7230311,st46,rf13,coastal,0,0,base,0.5977919618416836,0.8086359684884975,0.8555010456566895,0.5841580838006512,0.775701849833298,0.8802847551541253,0.8869263214563596,0.963623590312748,1.0149278225934797,-0.0876868064469658,-2607.2167994824135,0.0961134537451824,,,0.0038911917395244,2.488327170601184,0.7997110907394197,,3.8422991638619535,0.8731158564357089,-0.1298987560946261,-0.3032985984077258,162070.5324170881,,,0.0007241239004309,1.819399418695149,0.1225834949811714,,1.2051448643076634,0.214183407249801,0.0356641387217988,0.0554938910903289,-10.117916666665105,2646958.6973284176,0.4999999999999971,-1.6841231971248278e-12,-15.477181493129912,162070.5291108681,9.028530401096344,1564300.920940756
st49,7240111,st28,rf10,inland,0,0,base,0.7767499486226022,0.721275741447313,0.7067117351348207,1.075266430268395,0.4144406363992424,-0.5156797536925017,0.8725522514235255,0.742759676081968,2.4882437982019936,0.8072861821359731,-1273.984579106454,0.1488921502690596,,,0.0049579095986648,1.60842081652409,0.0226107515165026,,1.7713414908140963,3.639927276649922,-0.0526157144339441,0.0456759611148569,0.0160024424709912,,,0.0004691258509842,0.1641503443109002,0.0030039027769018,,0.332353942475436,0.56776453848571,0.0054949854258919,0.0068200641432286,-3.573333333333333,0.2332121647045839,,,,,,
st5,7120111,st15,rf25,inland,1,0,base,0.344132132924252,0.9709586939725608,0.9160533094446776,0.3795224068775933,0.957461802495435,0.8771161266273093,0.98632913706297,0.8779195669070806,1.003149872612924,0.1108778536266612,-5435.121653964045,0.0163160961015106,,,0.0002025324524772,2.705713035462328e-14,0.0266017087944607,,21.156852054807445,0.1000000000001522,-0.0154809512667217,0.005395632092655,0.003085837009217,,,1.1425763250306918e-05,0.0452493314041608,0.0028326589197343,,1.5370635608536276,23.699760145612863,0.0008759530549512,0.0009385764244871,31.78583333333337,5.567687308443701,,,,,,
st50,7240212,st49,rf4,inland,0,0,base_tz,0.4860665184986751,0.7569511819527345,0.812590196330637,0.5417908306216613,0.7152374078450165,0.75868501748303,0.8501012513460162,0.8113280923156737,1.0128917489074372,-0.0781929786242843,-3669.2896921851698,0.1480546507122926,-9.338749999999996,-0.2367266192809439,0.0047117860140292,0.556536263143481,0.115920918260012,,1.1212104052607,0.5513449637605378,0.012573288599735,0.0145156687527247,0.0670122455771086,2.9913094008177397,0.076146783476129,0.0004898735004779,0.1035610114408763,0.0338237811486448,,0.2618597846777096,0.6365421038472945,0.0048931446378328,0.0044562166299935,,,,,,,,
st51,7260211,st14,rf3,inland,0,0,filtered,0.2591014858213781,0.8929517915345554,0.9017787224598944,0.4968942487276841,0.5626494964203952,0.6404643556801697,0.750419445158404,0.7412045347305236,0.9994226462160164,-0.0149317492873954,-6886.638326497353,0.0033639069118756,,,0.0003727721476597,1.791291949421112,0.0003731079124802,2.00219339214876,5.779875231955184,0.0487303466483568,0.0004276576914978,0.0008586625783833,0.0001310246882948,,,2.6857216700598503e-05,0.0557840376991107,7.128369330787631e-05,0.0020871979423449,0.4686438349164839,8173.939732537428,0.0001526949719996,0.0002307264689766,24.298333333333336,0.1767752077730831,,,,,,
st52,9030211,st18,rf8,inland,0,0,base,0.5244483672148222,0.7424748434545121,0.779759340643035,0.536975563164451,0.7446979688313244,0.7088950191195819,0.8825024749560337,0.7338345567702869,1.009612405123665,0.1164683500886045,-3282.618035501298,0.0123356757075462,,,0.0039984405888628,0.8323535499267023,0.0840004747074413,,0.1000000000044277,0.1000000000000451,-0.020298159481926,0.0105910011945478,0.0163712736590208,,,0.0006466957764028,0.0503212295495272,0.0182248431136006,,35.94441565630786,41.45277070499795,0.0021272643211635,0.0017592733400755,9.114583333333345,11.649512584508402,,,,,,
st53,9040111,st26,rf25,inland,0,0,base,0.2911099515583853,0.7761031645860643,0.8157617609368093,0.3313637070571237,0.594061634420137,0.7129100200214795,0.7862031727653871,0.8084317538084325,0.9963695290157744,-0.0798288048105071,-6292.953397513164,0.0047025017476688,,,0.0005001367920866,0.1309873798616846,2.093178045453392e-24,,2.8842066990679944,20.72955341720669,-0.000823633292774,0.0022269090445465,0.0002688667082248,,,6.936265445577866e-05,0.0089379650110396,2.4144075401069578e-06,,0.4883934353004785,1.6658216036441518e-16,0.0001801630972782,0.0002376530988469,20.62556724596504,0.3206753309084204,,,,,,
st54,9040211,st57,rf19,inland,0,0,base_tz,0.4885870412000159,0.6057517066951594,0.6207112055703834,0.6092303879903352,0.2571279880771607,0.5284862287756493,0.8343508101868921,0.5592368027488251,1.024766637183764,0.4260617439415064,-3642.8393053754658,1.0441561002082766,15.470322885930743,-0.1295660360760185,0.0061220786229186,2.510985597321507e-09,0.2667250246335782,,16.719108695517303,0.1000000005744239,-0.1447597668811705,0.3062600513222033,0.1007416912844341,0.3951901272395931,0.0063677800051024,0.0005454478385708,0.3390862992945638,0.0365471875416261,,1.1054680003469932,13.107658289947349,0.0283851126990549,0.0404381525905054,,,,,,,,
st55,9060111,st61,rf16,inland,0,0,base_tz,0.646985225973037,0.9736679699309224,0.9815724281873758,0.7717305864719589,0.967685363610844,0.9634760427433502,0.9838645392955356,0.9672657217237192,1.001453749383932,-0.0229376438840542,-2206.7983244369366,0.0286790773582243,-22.014431188932736,0.0688955886817499,0.006162988504925,1.4346338949931837e-15,0.0929563403829936,,0.2664522932036572,0.1000000000001919,-0.0965374861955532,0.1332190302534174,0.018398552668519,13.497549780040158,0.0654463426259481,0.000918200724742,0.266895041081612,0.0155733253306316,,0.4416735083887878,41.40361514056522,0.0044716653411652,0.0057060613520518,,,,,,,,
st56,9070111,none,rf18,inland,34,0,filtered,1.866655590125644,0.8160690762568006,0.8731926595328628,2.820757654763558,0.5220919698041353,0.8933398191596642,0.9010494955663124,0.9816487869905476,0.9646669442264946,-2.17179292839122,3169.452701229561,0.0004018381691936,,,0.0021066764176909,1.8681244339507397,0.0022053726497098,1.9831070292428936,2.0733353377357875,0.063077993004422,-0.0043891502073389,-0.0504951694946774,144.90257039151527,,,0.0005088591814577,0.0590412434976189,144.90256457084502,126573.5489988552,0.6519381031361638,20033.882291059723,0.0013616878852754,0.0013938075960258,58.594562885242105,535733.3794155774,,,,,,
st57,9090211,st26,rf20,inland,0,0,base_tz,0.2502158430648655,0.9301289537269368,0.9080442611618236,0.4859064252918748,0.734582300231992,0.7329728407000818,0.9406494031903824,0.7398692872045678,1.0106312145433365,0.312707713826228,-7065.095981953484,0.0066514079784286,27.211666666666673,-0.1295381088547949,0.0004501732155768,3.72597443920243e-19,0.0023952485403679,,3.0500540368112135,0.1,-0.006180321795271,-0.0009109077369975,0.0012925021376962,4.741109033878131,0.0221128451566407,5.118381812060836e-05,0.0237145139411807,0.0011177250184648,,0.4258907597210295,106.81583620235148,0.0001919038193526,0.0002546348242726,,,,,,,,
st58,9130111,st48,rf24,coastal,0,0,filtered_tz,0.7403955681074522,0.8287107472279021,0.8692876350038752,1.2951109205583864,0.278276222321192,0.8228544741539346,0.9255673728364076,0.8997724697745487,1.1256772195973117,-1.158737820509364,-1509.1184785340447,0.0289219756405526,-17.136370951343157,1.9999999762709253,0.0064372356522168,0.6198818666560754,0.8841159916543255,1.5575862271231404,29.999998946031592,0.6754677620585593,-0.1115662980936926,1.1766064350167862,9281.285007619686,4898995.561729885,641815.4081861011,0.0006795596349541,0.8310049173037485,0.1076181830738192,0.1624624153275569,1.9849486658141764,0.1036596165217373,0.0383105468702133,0.1325143974544215,,,0.34308190748026,-0.5618184702958978,-20.150251928009972,9281.28575456611,5.667173242883413,462639.559030622
st59,9140111,st32,rf16,inland,0,1,filtered_tz,0.8117912587076211,0.8795437569666384,0.9096441907233436,0.6764468995548398,0.9104364855512912,0.9162382765100616,0.9584327163377444,0.9291544424107788,0.983595908412264,0.19311533079998,-1043.913560881076,0.4860625022163913,-20.191556771862217,0.277356342056902,0.0097918789987354,2.074307388960468,0.924282410192248,0.1222128226963792,8.617639944049365,0.5265985701205845,-0.1772169012276621,0.2147910094267029,0.1045203256810486,3.7795571646077346,0.0563815626628131,0.0009683117257746,1.2988955250073522,0.1303439507808094,0.0046828240987081,1.2225114254257683,0.1534200442779559,0.039705951591184,0.0590969544694222,,,,,,,,
st6,7140111,st45,rf6,inland,0,0,base_tz,0.5953205700849027,0.6994727857843845,0.7323476822473487,0.627650421007734,0.8011839367961242,0.7242345312229875,0.9126632910087424,0.7398307991851328,0.9729652079768468,-0.0613459785814112,-2632.4029243147097,0.0637886447023556,-0.1777407565002975,0.0235205998988727,0.0062188247249726,1.4156101892622994,0.0319035562772901,,0.5648117624285077,0.1000000000041215,-0.0173832730563719,0.0018917236471713,0.0234599094948208,0.3133431767957953,0.0144310217175839,0.0007425097612454,0.0850040986946092,0.0213345069805948,,0.1959819740168784,150.3994733518704,0.0018427561425249,0.0024273143207422,,,,,,,,
st60,9160211,st59,rf16,inland,0,0,base,0.9797913641454248,0.8247013230193458,0.8696759142110054,1.0420669823475932,0.7903814564593581,0.8640791398993616,0.9284308944369344,0.8948485083287512,1.0479114510186385,-0.604223178614463,-86.40549966196465,0.2894728742324512,,,0.0129724580574958,1.456219431625161,0.8498302849185364,,22.832569694418563,0.10000002382638,0.8714941258086059,0.2875834211800868,0.0973500910521805,,,0.0011729253635251,0.823900025843989,0.0773453653189783,,1.4997767234024515,20.610164403495833,0.0976068380257534,0.0741640350063439,-20.427717494769176,5.60596564113453,,,,,,
st61,9170111,st25,rf19,inland,0,0,base_tz,1.8999292505762024,0.8331810149771566,0.8711678123981541,2.1551121681488934,0.8211933124636114,0.7868790250380432,0.9221813352854388,0.8067619944712846,1.0449875383863338,-0.6427233270372081,3302.2503426804733,0.0269319977742013,-28.98429166666605,0.1592324077006789,0.0080107744176517,3.892716839176572,0.0056627503679018,,0.7725604909867766,6.163765514915158,-0.0308599305741227,0.0919574144585352,0.0018157312149931,4.3365393048181025,0.0484903496866004,0.0016911603207617,0.0865530414047698,0.0017714472581777,,0.339356283443906,1.4047401678799811,0.0031516405715184,0.0037303728097597,,,,,,,,
st7,7170111,st5,rf25,inland,0,0,filtered_tz,0.3819717134809424,0.9389538133958248,0.902767856666373,0.3866275680382888,0.9275681453373934,0.8475089218993275,0.9711776415516712,0.8502647126470634,0.9985356656409948,-0.0453814111974146,-4899.758202244471,0.0193012279944195,27.70791666666667,-0.1429396270203048,0.000201959077871,1.4132011908279007,0.017216298473566,2.0009586325807915,28.5417766340774,0.0466624134695937,-0.0087413506862916,0.011351109545903,0.0011890011731352,0.185467435745354,0.0099676265069221,8.943212692264902e-06,0.1325865500785549,0.0015496448893772,0.0058649981475159,2.283041626042979,16802.724570210885,0.0007676948232557,0.0012649530422707,,,,,,,,
st8,7170211,st15,rf12,inland,0,0,base_tz,0.2829631632495825,0.8307744494797312,0.8804359348211711,0.3839530477963313,0.754558322261393,0.710103462465109,0.8807053326718005,0.7357865761239833,1.0002268600561084,0.0070228681323669,-6436.110770305517,0.0048529291712744,29.724184433292315,-0.0816040539699847,0.002182322425232,7.846642055257234e-37,3.9463183393115853e-16,,0.1,1.7899860763253226,0.0004338216058367,0.0019200289583294,0.0003599860408485,0.6504437681105661,0.012363903564378,0.0003171861655131,0.0059187813611501,6.380140604288026e-05,,32.13717965853488,7.272679922802934e-14,0.0002190485499248,0.0002210020131502,,,,,,,,
st9,7210111,st8,rf10,inland,0,0,base_tz,0.1732385156384038,0.8789513866967377,0.8713726731460595,0.2721275283207135,0.787154817544957,0.7105299385000179,0.9262361507516764,0.720113946425482,1.0039507041595197,0.0991791926939562,-8945.28145067721,0.9511257315450636,23.326250000006613,-0.0387361045157121,0.003129102845405,1.07180007643068,0.3178912898272577,,29.99999999936843,0.100000000257402,-0.0846805412767933,0.0968219662300325,0.0584513286727955,0.1551190852288989,0.002337680460924,0.0001872048348592,0.3363917362747128,0.0215946296510781,,1.0208209202077927,3.847655749327629,0.0097909489144631,0.0111706814241027,,,,,,,,
